Date,"","","","","",""
2012-01-03,59.970001,61.060001,59.869999,60.330002,1.26688E7,52.619234999999996
2012-01-04,60.209998999999996,60.349998,59.470001,59.709998999999996,9593300.0,52.078475
2012-01-05,59.349998,59.619999,58.369999,59.419998,1.27682E7,51.825539
2012-01-06,59.419998,59.450001,58.869999,59.0,8069400.0,51.45922
2012-01-09,59.029999,59.549999,58.919998,59.18,6679300.0,51.616215000000004
2012-01-10,59.43,59.709998999999996,58.98,59.040001000000004,6907300.0,51.494109
2012-01-11,59.060001,59.529999,59.040001000000004,59.400002,6365600.0,51.808098
2012-01-12,59.790001000000004,60.0,59.400002,59.5,7236400.0,51.895315999999994
2012-01-13,59.18,59.610001000000004,59.009997999999996,59.540001000000004,7729300.0,51.930203999999996
2012-01-17,59.869999,60.110001000000004,59.52,59.849998,8500000.0,52.200581
2012-01-18,59.790001000000004,60.029999,59.650002,60.009997999999996,5911400.0,52.340131
2012-01-19,59.93,60.73,59.75,60.610001000000004,9234600.0,52.863447
2012-01-20,60.75,61.25,60.669998,61.009997999999996,1.03788E7,53.212320999999996
2012-01-23,60.810001,60.98,60.509997999999996,60.91,7134100.0,53.125104
2012-01-24,60.75,62.0,60.75,61.389998999999996,7362800.0,53.54375400000001
2012-01-25,61.18,61.610001000000004,61.040001000000004,61.470001,5915800.0,53.61353100000001
2012-01-26,61.799999,61.84,60.77,60.970001,7436200.0,53.177436
2012-01-27,60.860001000000004,61.119999,60.540001000000004,60.709998999999996,6287300.0,52.950665
2012-01-30,60.470001,61.32,60.349998,61.299999,7636900.0,53.465256999999994
2012-01-31,61.529999,61.57,60.580002,61.360001000000004,9761500.0,53.517590000000006
2012-02-01,61.790001000000004,62.630001,61.790001000000004,62.18,1.21306E7,54.232785
2012-02-02,62.400002,62.470001,61.82,61.939999,6211300.0,54.023458
2012-02-03,62.32,62.43,61.700001,62.029999,7727200.0,54.10195600000001
2012-02-06,61.849998,61.98,61.700001,61.880001,5480600.0,53.971129000000005
2012-02-07,61.619999,61.900002,61.619999,61.689999,6084400.0,53.805411
2012-02-08,61.91,62.02,61.23,61.619999,7260000.0,53.744358
2012-02-09,61.580002,62.16,61.580002,61.959998999999996,6453100.0,54.040903
2012-02-10,61.68,61.91,61.380001,61.900002,5501000.0,53.988572999999995
2012-02-13,62.009997999999996,62.080002,61.73,61.790001000000004,4175000.0,53.89263199999999
2012-02-14,61.91,62.240002000000004,61.790001000000004,62.220001,5173100.0,54.267674
2012-02-15,62.32,62.439999,61.59,61.759997999999996,5833700.0,53.866464
2012-02-16,61.77,62.189999,61.700001,62.040001000000004,7256400.0,54.110679000000005
2012-02-17,62.32,62.57,61.91,62.48,8191800.0,54.49444200000001
2012-02-21,60.330002,60.5,59.669998,60.07,2.38948E7,52.392464000000004
2012-02-22,59.580002,59.900002,58.369999,58.599998,2.86302E7,51.110343
2012-02-23,58.59,58.900002,58.209998999999996,58.540001000000004,1.48803E7,51.058014
2012-02-24,58.75,58.950001,58.5,58.790001000000004,9925900.0,51.276061
2012-02-27,58.700001,58.779999,58.290001000000004,58.459998999999996,1.22588E7,50.988237
2012-02-28,58.439999,59.099998,58.349998,58.93,1.07619E7,51.398167
2012-02-29,58.84,59.330002,58.720001,59.080002,1.14844E7,51.528997
2012-03-01,59.360001000000004,59.419998,58.639998999999996,58.82,1.62839E7,51.302226
2012-03-02,58.990002000000004,59.279999,58.799999,59.009997999999996,9848100.0,51.467940999999996
2012-03-05,58.959998999999996,59.59,58.75,59.400002,9651000.0,51.808098
2012-03-06,59.040001000000004,59.220001,58.75,58.970001,9057100.0,51.433056
2012-03-07,59.110001000000004,59.860001000000004,59.110001000000004,59.860001000000004,1.49169E7,52.209305
2012-03-08,59.84,59.950001,59.450001,59.77,7795600.0,52.479735999999995
2012-03-09,59.830002,60.200001,59.830002,60.080002,6292900.0,52.751926
2012-03-12,60.169998,60.900002,60.09,60.68,7576800.0,53.278741000000004
2012-03-13,60.93,61.080002,60.52,61.0,8734600.0,53.559709999999995
2012-03-14,60.84,61.150002,60.689999,61.080002,6375000.0,53.629954000000005
2012-03-15,60.889998999999996,61.259997999999996,60.779999,61.23,6755000.0,53.761656
2012-03-16,61.41,61.470001,60.77,60.84,1.20771E7,53.419226
2012-03-19,60.580002,60.880001,60.459998999999996,60.740002000000004,8251900.0,53.331424
2012-03-20,60.330002,60.860001000000004,60.290001000000004,60.599998,7911500.0,53.208498
2012-03-21,60.450001,60.720001,60.369999,60.560001,7302800.0,53.173379000000004
2012-03-22,60.23,60.77,60.23,60.650002,5710800.0,53.252402000000004
2012-03-23,60.610001000000004,60.849998,60.41,60.75,6957700.0,53.340203
2012-03-26,60.900002,61.32,60.759997999999996,61.200001,6214800.0,53.735316000000005
2012-03-27,61.349998,61.5,61.02,61.09,7351600.0,53.638732999999995
2012-03-28,61.150002,61.48,60.98,61.189999,7124000.0,53.726533999999994
2012-03-29,60.77,60.950001,60.619999,60.82,6691700.0,53.401665
2012-03-30,61.07,61.419998,60.919998,61.200001,6941400.0,53.735316000000005
2012-04-02,61.080002,61.490002000000004,60.970001,61.360001000000004,6465900.0,53.875801
2012-04-03,61.139998999999996,61.41,60.240002000000004,60.650002,1.11801E7,53.252402000000004
2012-04-04,60.529999,60.59,60.02,60.259997999999996,1.08517E7,52.909968000000006
2012-04-05,60.200001,60.689999,60.07,60.669998,6528700.0,53.269959
2012-04-09,60.220001,60.34,60.080002,60.130001,6831700.0,52.795827
2012-04-10,60.029999,60.389998999999996,59.549999,59.93,9553100.0,52.620219999999996
2012-04-11,60.290001000000004,60.290001000000004,59.66,59.799999,7747700.0,52.506076
2012-04-12,59.799999,60.200001,59.560001,60.139998999999996,7367700.0,52.804605
2012-04-13,60.0,60.209998999999996,59.75,59.77,6692600.0,52.479735999999995
2012-04-16,59.939999,60.810001,59.869999,60.580002,6844600.0,53.190940000000005
2012-04-17,61.110001000000004,61.950001,61.09,61.869999,1.06764E7,54.32359399999999
2012-04-18,61.549999,62.25,61.549999,62.060001,7957300.0,54.490421
2012-04-19,61.959998999999996,62.049999,61.470001,61.75,6379600.0,54.218231
2012-04-20,61.700001,62.490002000000004,61.66,62.450001,8997700.0,54.832851
2012-04-23,59.150002,60.240002000000004,59.130001,59.540001000000004,3.80073E7,52.27779
2012-04-24,59.259997999999996,59.349998,57.650002,57.77,3.00906E7,50.72368
2012-04-25,57.91,58.43,57.18,57.360001000000004,2.80118E7,50.363689
2012-04-26,57.59,59.43,57.57,58.950001,2.50929E7,51.759753
2012-04-27,59.18,59.459998999999996,58.939999,59.029999,9027900.0,51.829994
2012-04-30,58.82,58.990002000000004,58.529999,58.91,7482600.0,51.724631
2012-05-01,58.950001,59.27,58.48,59.07,9915700.0,51.865116
2012-05-02,58.959998999999996,59.32,58.82,59.009997999999996,7347700.0,51.812433
2012-05-03,59.200001,59.200001,58.810001,58.990002000000004,6891900.0,51.794875
2012-05-04,58.860001000000004,59.18,58.68,58.700001,6944500.0,51.540246
2012-05-07,58.549999,59.360001000000004,58.549999,59.189999,8658200.0,51.970478
2012-05-08,59.060001,59.369999,58.630001,59.049999,1.02733E7,51.847555
2012-05-09,58.48,59.240002000000004,58.27,59.029999,1.11576E7,52.181703000000006
2012-05-10,59.349998,59.610001000000004,59.09,59.189999,7740700.0,52.32314
2012-05-11,59.080002,59.650002,58.810001,59.419998,7473600.0,52.52645699999999
2012-05-14,59.09,59.549999,58.919998,59.07,6201000.0,52.217063
2012-05-15,58.950001,59.650002,58.950001,59.349998,1.05614E7,52.464578
2012-05-16,59.529999,59.66,59.150002,59.189999,1.08381E7,52.32314
2012-05-17,61.34,62.5,61.25,61.68,2.92924E7,54.524268000000006
2012-05-18,61.869999,62.630001,61.759997999999996,62.43,1.66307E7,55.187256999999995
2012-05-21,62.380001,63.099998,62.139998999999996,63.040001000000004,1.11499E7,55.726489
2012-05-22,62.990002000000004,63.950001,62.900002,63.73,1.20744E7,56.336439
2012-05-23,63.389998999999996,64.690002,63.290001000000004,64.58000200000001,1.56822E7,57.087829000000006
2012-05-24,64.709999,65.18,64.459999,65.07,1.13027E7,57.52098
2012-05-25,64.860001,65.5,64.800003,65.309998,1.01799E7,57.733135
2012-05-29,65.400002,65.760002,65.209999,65.68,1.00369E7,58.060212
2012-05-30,65.410004,65.949997,65.33000200000001,65.440002,9979700.0,57.848057
2012-05-31,65.400002,66.660004,65.379997,65.82,1.67655E7,58.183969999999995
2012-06-01,65.43,65.879997,65.129997,65.550003,1.53007E7,57.945296
2012-06-04,65.900002,66.129997,65.400002,65.989998,1.38768E7,58.33424599999999
2012-06-05,65.739998,65.900002,65.43,65.5,9341000.0,57.90109399999999
2012-06-06,65.599998,65.970001,65.459999,65.93,1.08469E7,58.281209
2012-06-07,66.08000200000001,66.08000200000001,65.779999,65.870003,1.25467E7,58.228172
2012-06-08,66.190002,68.230003,66.08000200000001,68.220001,1.80126E7,60.305538
2012-06-11,68.389999,68.480003,67.470001,67.529999,1.04914E7,59.695584999999994
2012-06-12,67.66999799999999,67.849998,67.300003,67.720001,8987800.0,59.863544999999995
2012-06-13,67.589996,67.75,66.959999,67.07,1.07489E7,59.288952
2012-06-14,67.099998,67.790001,67.089996,67.629997,9994400.0,59.783983
2012-06-15,68.050003,68.059998,67.589996,67.75,1.2742E7,59.890063
2012-06-18,67.470001,68.279999,67.43,68.120003,7553500.0,60.217141000000005
2012-06-19,68.089996,68.25,67.699997,67.809998,7906000.0,59.9431
2012-06-20,67.860001,68.540001,67.779999,68.519997,8989800.0,60.570730000000005
2012-06-21,68.489998,68.660004,67.68,67.699997,9843600.0,59.845861
2012-06-22,68.089996,68.349998,67.190002,67.300003,1.14007E7,59.492272
2012-06-25,67.059998,68.230003,67.059998,68.18,1.18306E7,60.270178
2012-06-26,68.480003,68.91999799999999,68.25,68.58000200000001,1.08118E7,60.623774
2012-06-27,68.589996,68.75,68.260002,68.589996,8797800.0,60.632608999999995
2012-06-28,67.91999799999999,68.349998,67.489998,68.300003,8578400.0,60.37625799999999
2012-06-29,68.940002,69.720001,68.559998,69.720001,1.06634E7,61.631517
2012-07-02,69.599998,69.949997,69.150002,69.349998,1.04252E7,61.30444
2012-07-03,69.650002,70.769997,69.300003,70.75,9394700.0,62.542021999999996
2012-07-05,70.370003,71.300003,70.370003,71.08000200000001,1.24405E7,62.833739
2012-07-06,70.730003,71.360001,70.730003,71.360001,8009200.0,63.081254
2012-07-09,71.260002,71.760002,71.019997,71.760002,1.11504E7,63.43485
2012-07-10,71.93,72.58000200000001,71.639999,72.110001,1.33282E7,63.744243999999995
2012-07-11,72.129997,72.440002,71.779999,72.260002,1.22439E7,63.87684300000001
2012-07-12,72.07,72.620003,71.639999,72.309998,1.01958E7,63.921038
2012-07-13,72.269997,73.239998,72.150002,73.18,8180100.0,64.69010899999999
2012-07-16,72.91999799999999,73.18,72.58000200000001,72.980003,8080600.0,64.51331400000001
2012-07-17,72.900002,73.099998,72.309998,73.099998,1.21763E7,64.619388
2012-07-18,72.889999,73.459999,72.720001,72.849998,9495100.0,64.398392
2012-07-19,72.849998,72.860001,70.230003,71.529999,1.6878E7,63.23153000000001
2012-07-20,71.459999,72.489998,71.309998,72.25,1.1052E7,63.868001
2012-07-23,71.620003,71.989998,71.260002,71.849998,6656500.0,63.514405000000004
2012-07-24,71.68,72.239998,71.449997,72.139999,7475700.0,63.770762
2012-07-25,72.260002,72.459999,71.870003,72.08000200000001,6981900.0,63.717725
2012-07-26,72.699997,73.949997,72.690002,73.66999799999999,8192400.0,65.12326
2012-07-27,73.839996,74.800003,73.790001,74.519997,1.08615E7,65.874647
2012-07-30,74.459999,75.239998,74.449997,74.980003,9145600.0,66.281286
2012-07-31,74.760002,74.980003,74.43,74.43,8322900.0,65.795091
2012-08-01,74.699997,74.790001,73.41999799999999,73.620003,9699000.0,65.079065
2012-08-02,73.050003,74.160004,72.940002,74.050003,8093000.0,65.459179
2012-08-03,74.739998,74.959999,74.25,74.550003,8740000.0,65.901172
2012-08-06,74.91999799999999,74.91999799999999,74.279999,74.279999,6117500.0,65.662492
2012-08-07,74.410004,74.599998,73.970001,73.989998,7614500.0,65.40613499999999
2012-08-08,73.650002,74.510002,73.43,74.309998,6578300.0,66.044269
2012-08-09,74.279999,74.519997,73.760002,73.849998,5284700.0,65.635437
2012-08-10,73.849998,74.25,73.43,73.68,5644200.0,65.484349
2012-08-13,73.410004,73.690002,73.18,73.400002,6301000.0,65.235495
2012-08-14,73.839996,74.269997,73.57,74.010002,7242000.0,65.77764300000001
2012-08-15,73.910004,74.519997,73.82,74.449997,7774400.0,66.168696
2012-08-16,72.58000200000001,72.75,71.779999,72.150002,1.78132E7,64.12453599999999
2012-08-17,72.410004,72.690002,71.839996,71.989998,9734900.0,63.982330000000005
2012-08-20,72.010002,72.410004,71.660004,72.300003,5548700.0,64.257853
2012-08-21,72.300003,72.339996,71.43,71.43,7634200.0,63.484623
2012-08-22,71.349998,71.849998,71.349998,71.769997,6661000.0,63.786801000000004
2012-08-23,71.800003,71.940002,71.400002,71.559998,6005100.0,63.600159999999995
2012-08-24,71.389999,72.199997,71.349998,72.110001,5190100.0,64.088985
2012-08-27,72.16999799999999,72.790001,72.07,72.5,5766900.0,64.435603
2012-08-28,72.18,72.709999,72.160004,72.410004,4822700.0,64.355618
2012-08-29,72.610001,73.019997,72.43,72.769997,4230800.0,64.675568
2012-08-30,72.629997,72.75,72.150002,72.25,5237200.0,64.213412
2012-08-31,72.589996,72.949997,72.360001,72.599998,5885100.0,64.524479
2012-09-04,72.769997,73.839996,72.57,73.510002,8524100.0,65.33326
2012-09-05,73.860001,73.949997,73.370003,73.550003,7964100.0,65.368811
2012-09-06,73.980003,74.809998,73.839996,74.809998,6508500.0,66.488653
2012-09-07,74.699997,74.800003,73.5,73.82,6621400.0,65.608776
2012-09-10,73.889999,74.120003,73.5,73.510002,6500100.0,65.33326
2012-09-11,73.720001,74.41999799999999,73.550003,74.059998,5291400.0,65.822078
2012-09-12,74.059998,74.349998,73.75,74.07,4297800.0,65.830967
2012-09-13,73.949997,75.190002,73.949997,75.139999,7407400.0,66.781948
2012-09-14,74.839996,74.989998,74.260002,74.5,8535700.0,66.213137
2012-09-17,74.360001,74.68,73.870003,73.989998,6854600.0,65.75986400000001
2012-09-18,73.849998,74.16999799999999,73.68,73.949997,5304100.0,65.724313
2012-09-19,74.25,74.629997,73.989998,74.370003,5655900.0,66.0976
2012-09-20,74.32,74.82,74.32,74.75,4523200.0,66.43532900000001
2012-09-21,74.959999,75.089996,74.33000200000001,74.449997,1.05623E7,66.168696
2012-09-24,74.199997,74.959999,74.18,74.739998,4413700.0,66.42644
2012-09-25,74.910004,75.050003,74.260002,74.260002,6424700.0,65.999835
2012-09-26,74.160004,74.839996,74.139999,74.190002,4804900.0,65.93762199999999
2012-09-27,74.370003,74.5,73.83000200000001,73.980003,5390100.0,65.750982
2012-09-28,73.860001,74.059998,73.41999799999999,73.800003,6021000.0,65.591003
2012-10-01,73.800003,74.489998,73.800003,74.050003,4662300.0,65.813195
2012-10-02,73.980003,74.360001,73.629997,73.75,4236500.0,65.546562
2012-10-03,74.029999,74.75,73.75,74.199997,8164700.0,65.946505
2012-10-04,74.510002,75.010002,74.510002,74.720001,5000900.0,66.40866700000001
2012-10-05,74.940002,75.5,74.889999,75.129997,5205100.0,66.77305799999999
2012-10-08,75.160004,75.550003,75.059998,75.25,4545900.0,66.879713
2012-10-09,75.160004,75.379997,74.129997,74.139999,8307300.0,65.89318100000001
2012-10-10,74.650002,76.809998,74.639999,75.41999799999999,1.93648E7,67.030801
2012-10-11,76.599998,76.610001,74.949997,75.010002,8325500.0,66.66641
2012-10-12,75.41999799999999,76.040001,75.300003,75.809998,8029300.0,67.37742
2012-10-15,75.870003,77.349998,75.559998,77.150002,9669600.0,68.568371
2012-10-16,77.599998,77.599998,76.690002,76.910004,6310100.0,68.355069
2012-10-17,77.33000200000001,77.5,76.480003,77.029999,7494500.0,68.46171700000001
2012-10-18,77.019997,77.230003,76.16999799999999,76.559998,7325700.0,68.043995
2012-10-19,76.58000200000001,76.709999,75.43,75.620003,6942500.0,67.208559
2012-10-22,75.68,75.779999,75.089996,75.650002,5425400.0,67.235221
2012-10-23,75.050003,75.489998,74.510002,74.760002,5833900.0,66.44421899999999
2012-10-24,74.93,75.0,74.519997,74.82,4583200.0,66.49754300000001
2012-10-25,75.300003,75.5,74.889999,75.32,4432900.0,66.941926
2012-10-26,75.199997,75.41999799999999,74.68,75.110001,4446900.0,66.755286
2012-10-31,75.25,75.68,74.129997,75.019997,6551200.0,66.67529300000001
2012-11-01,75.129997,75.160004,73.150002,73.449997,1.29436E7,65.27992900000001
2012-11-02,73.459999,73.57,72.709999,72.769997,8563500.0,64.675568
2012-11-05,72.660004,73.199997,72.650002,73.139999,4767700.0,65.004414
2012-11-06,73.16999799999999,74.279999,73.129997,73.760002,5334400.0,65.555452
2012-11-07,73.41999799999999,73.900002,72.860001,73.110001,6809900.0,64.977752
2012-11-08,73.010002,73.980003,72.480003,72.480003,7137100.0,64.417831
2012-11-09,72.129997,72.599998,71.91999799999999,72.309998,6891400.0,64.266736
2012-11-12,72.269997,72.599998,71.900002,72.480003,4382800.0,64.417831
2012-11-13,71.970001,72.300003,71.18,71.809998,8977400.0,63.822352
2012-11-14,71.860001,72.0,71.08000200000001,71.309998,9111300.0,63.37796899999999
2012-11-15,69.660004,69.690002,67.849998,68.720001,2.30489E7,61.076066000000004
2012-11-16,68.589996,68.690002,67.879997,68.029999,1.22571E7,60.462814
2012-11-19,68.150002,69.129997,67.650002,69.019997,1.28357E7,61.34269200000001
2012-11-20,69.239998,69.239998,68.449997,69.0,9394600.0,61.324918999999994
2012-11-21,68.860001,69.059998,68.68,68.889999,7039600.0,61.227154000000006
2012-11-23,69.339996,70.239998,68.879997,70.199997,5134900.0,62.391436999999996
2012-11-26,70.129997,70.230003,69.449997,69.910004,9073200.0,62.1337
2012-11-27,69.900002,70.16999799999999,69.449997,69.5,7382300.0,61.769303
2012-11-28,69.459999,70.809998,69.290001,70.559998,1.04964E7,62.71139300000001
2012-11-29,70.480003,71.040001,70.129997,70.83000200000001,9620500.0,62.951364
2012-11-30,70.970001,72.120003,70.849998,72.019997,1.24852E7,64.008992
2012-12-03,72.110001,72.339996,71.339996,71.339996,9086800.0,63.40463100000001
2012-12-04,71.470001,72.599998,71.449997,72.120003,1.28205E7,64.097874
2012-12-05,71.940002,72.019997,71.230003,71.650002,9513200.0,64.033525
2012-12-06,71.66999799999999,71.849998,71.099998,71.589996,7166100.0,63.979898999999996
2012-12-07,71.900002,72.589996,71.849998,72.290001,7283000.0,64.605492
2012-12-10,72.08000200000001,72.339996,71.790001,72.150002,5901600.0,64.480375
2012-12-11,72.25,72.699997,70.82,70.889999,1.4595E7,63.354312
2012-12-12,70.199997,70.349998,68.910004,68.940002,2.34019E7,61.611602000000005
2012-12-13,69.040001,69.360001,69.0,69.040001,1.42435E7,61.700970999999996
2012-12-14,69.050003,69.300003,68.739998,68.75,1.05023E7,61.441796999999994
2012-12-17,68.959999,69.510002,68.889999,69.199997,1.05317E7,61.843959
2012-12-18,69.110001,69.660004,68.910004,69.5,1.15898E7,62.112072
2012-12-19,69.43,69.5,68.519997,68.519997,9973200.0,61.23624399999999
2012-12-20,68.33000200000001,69.059998,68.16999799999999,69.0,9686300.0,61.665222
2012-12-21,68.870003,69.160004,68.269997,68.650002,1.3231E7,61.352429
2012-12-24,68.510002,68.809998,68.309998,68.57,2904800.0,61.280931
2012-12-26,68.559998,68.650002,67.730003,67.989998,6092900.0,60.762584
2012-12-27,68.029999,68.41999799999999,67.790001,68.190002,7384200.0,60.941328000000006
2012-12-28,67.910004,68.349998,67.540001,67.610001,5513400.0,60.42298100000001
2012-12-31,67.489998,68.300003,67.370003,68.230003,7012500.0,60.977077
2013-01-02,68.93,69.239998,68.449997,69.239998,1.03908E7,61.879707999999994
2013-01-03,69.25,69.349998,68.379997,68.800003,8910100.0,61.486484999999995
2013-01-04,68.730003,69.18,68.339996,69.059998,6438000.0,61.718842
2013-01-07,68.83000200000001,68.91999799999999,68.129997,68.400002,6201400.0,61.129004
2013-01-08,68.279999,68.889999,68.209999,68.589996,5866900.0,61.298802
2013-01-09,68.660004,68.709999,68.220001,68.57,5055200.0,61.280931
2013-01-10,68.660004,69.029999,67.720001,68.360001,1.14538E7,61.093255000000006
2013-01-11,68.599998,68.790001,68.209999,68.629997,6224500.0,61.334551
2013-01-14,68.489998,68.66999799999999,68.110001,68.300003,5490400.0,61.039636
2013-01-15,68.190002,69.239998,68.099998,68.980003,6140400.0,61.647351
2013-01-16,68.940002,69.370003,68.889999,69.209999,4917900.0,61.852897999999996
2013-01-17,69.300003,69.32,68.709999,68.849998,7232600.0,61.531166000000006
2013-01-18,68.849998,69.199997,68.849998,69.199997,7813400.0,61.843959
2013-01-22,69.050003,69.650002,68.959999,69.58000200000001,5747900.0,62.18356899999999
2013-01-23,69.389999,69.639999,69.150002,69.489998,6365400.0,62.10313299999999
2013-01-24,69.650002,69.989998,69.349998,69.790001,9139000.0,62.371244999999995
2013-01-25,69.910004,70.0,68.93,69.0,7967700.0,61.665222
2013-01-28,69.08000200000001,69.5,68.800003,69.349998,7054800.0,61.978015
2013-01-29,69.209999,70.199997,69.199997,69.889999,9560900.0,62.460614
2013-01-30,70.120003,70.120003,69.5,69.75,7020600.0,62.335496
2013-01-31,69.690002,70.440002,69.690002,69.949997,7016200.0,62.514233
2013-02-01,70.110001,70.540001,69.949997,70.489998,6449800.0,62.996832
2013-02-04,69.440002,69.900002,69.129997,69.629997,1.07593E7,62.22825
2013-02-05,69.870003,71.07,69.760002,70.769997,1.05255E7,63.247066000000004
2013-02-06,70.480003,71.32,70.300003,71.309998,9757800.0,63.729664
2013-02-07,71.440002,71.639999,70.900002,71.230003,8306900.0,63.658174
2013-02-08,71.199997,71.639999,71.07,71.480003,5906600.0,63.881598
2013-02-11,71.25,71.510002,70.529999,71.400002,6202600.0,63.810101
2013-02-12,71.489998,71.660004,71.099998,71.400002,4762000.0,63.810101
2013-02-13,71.290001,71.699997,71.209999,71.389999,3968600.0,63.801162
2013-02-14,71.099998,71.230003,70.75,70.82,6821000.0,63.291754000000005
2013-02-15,69.540001,70.0,68.129997,69.300003,2.56837E7,61.933333999999995
2013-02-19,69.190002,69.449997,68.540001,68.760002,1.46823E7,61.450736
2013-02-20,68.720001,69.849998,68.300003,69.209999,1.19736E7,61.852897999999996
2013-02-21,70.0,71.470001,69.720001,70.260002,2.04131E7,62.791284999999995
2013-02-22,70.220001,70.540001,69.889999,70.400002,9165200.0,62.916402000000005
2013-02-25,70.5,71.339996,70.440002,70.440002,1.18176E7,62.952151
2013-02-26,70.690002,71.389999,70.610001,71.110001,1.05576E7,63.550927
2013-02-27,70.91999799999999,71.959999,70.58000200000001,71.660004,8819000.0,64.042464
2013-02-28,71.589996,71.879997,70.779999,70.779999,1.88836E7,63.256005
2013-03-01,70.779999,71.900002,70.779999,71.739998,8902300.0,64.113955
2013-03-04,71.519997,73.260002,71.510002,73.260002,1.05672E7,65.472381
2013-03-05,73.470001,74.040001,72.989998,73.720001,9142000.0,65.883482
2013-03-06,73.75,74.129997,73.25,73.379997,7149600.0,65.579621
2013-03-07,73.489998,73.610001,73.199997,73.32,6680000.0,65.52600100000001
2013-03-08,73.300003,73.389999,72.839996,73.029999,5744600.0,65.687904
2013-03-11,73.089996,73.239998,72.809998,72.980003,5148700.0,65.642934
2013-03-12,72.949997,73.900002,72.839996,73.599998,8153400.0,66.200598
2013-03-13,73.889999,74.199997,73.540001,73.650002,5326100.0,66.245574
2013-03-14,73.870003,74.0,73.129997,73.220001,6353200.0,65.858804
2013-03-15,73.010002,73.5,72.43,72.5,1.71951E7,65.211188
2013-03-18,72.290001,72.730003,72.010002,72.25,5771000.0,64.986322
2013-03-19,72.41999799999999,72.870003,72.190002,72.449997,5752800.0,65.166212
2013-03-20,72.809998,73.379997,72.739998,72.989998,6320300.0,65.651924
2013-03-21,72.870003,73.470001,72.849998,73.129997,5506700.0,65.777849
2013-03-22,73.349998,74.290001,73.290001,74.279999,7323800.0,66.812234
2013-03-25,74.139999,75.110001,74.120003,74.849998,1.04387E7,67.324929
2013-03-26,74.93,75.089996,74.43,74.769997,6642400.0,67.25296999999999
2013-03-27,74.309998,74.959999,74.239998,74.779999,5970300.0,67.261967
2013-03-28,74.839996,74.970001,74.379997,74.83000200000001,7368300.0,67.306943
2013-04-01,75.0,75.93,74.900002,75.43,8415400.0,67.84662
2013-04-02,75.550003,76.050003,75.41999799999999,76.019997,6642800.0,68.377301
2013-04-03,76.309998,76.68,75.720001,76.0,7453900.0,68.35931500000001
2013-04-04,75.959999,76.58000200000001,75.959999,76.199997,7508200.0,68.53920500000001
2013-04-05,75.550003,76.410004,75.43,76.389999,5880300.0,68.710105
2013-04-08,76.099998,77.449997,75.83000200000001,77.290001,8075100.0,69.519625
2013-04-09,77.239998,78.459999,77.019997,78.120003,8669900.0,70.266182
2013-04-10,78.279999,78.379997,77.370003,77.370003,8599000.0,69.591584
2013-04-11,77.360001,78.370003,77.269997,77.790001,7129100.0,69.96935699999999
2013-04-12,77.629997,78.849998,77.58000200000001,78.559998,6336800.0,70.66194200000001
2013-04-15,78.440002,79.279999,78.43,78.470001,8545500.0,70.58099399999999
2013-04-16,78.230003,78.860001,78.029999,78.68,6854400.0,70.76988
2013-04-17,78.529999,79.07,78.110001,78.510002,7248600.0,70.616973
2013-04-18,78.760002,79.050003,76.610001,77.160004,1.42189E7,69.402697
2013-04-19,77.5,78.440002,77.400002,78.290001,7840500.0,70.41909
2013-04-22,78.290001,78.440002,77.5,77.970001,5154900.0,70.131261
2013-04-23,78.110001,79.220001,78.050003,79.089996,6653600.0,71.138657
2013-04-24,79.230003,79.5,77.91999799999999,78.029999,8083600.0,70.185227
2013-04-25,78.18,78.83000200000001,77.879997,78.650002,5729100.0,70.742897
2013-04-26,78.58000200000001,79.150002,78.57,79.040001,5923600.0,71.093688
2013-04-29,79.08000200000001,79.25,78.150002,78.389999,6156800.0,70.509035
2013-04-30,78.279999,78.300003,77.370003,77.720001,7965800.0,69.90639499999999
2013-05-01,77.849998,78.660004,77.690002,78.059998,6260300.0,70.21221
2013-05-02,77.910004,78.489998,77.800003,78.459999,4519600.0,70.571997
2013-05-03,78.91999799999999,79.339996,78.900002,79.25,5604100.0,71.282575
2013-05-06,79.099998,79.160004,78.769997,78.83000200000001,4805700.0,70.904801
2013-05-07,79.099998,79.139999,78.769997,78.83000200000001,6571100.0,70.904801
2013-05-08,78.559998,78.660004,77.779999,78.25,8008500.0,70.805269
2013-05-09,78.309998,78.959999,77.900002,78.400002,6516800.0,70.940999
2013-05-10,78.470001,78.910004,78.279999,78.889999,5831200.0,71.384378
2013-05-13,78.800003,78.940002,77.91999799999999,78.5,7713900.0,71.031483
2013-05-14,77.980003,78.860001,77.66999799999999,78.779999,1.00137E7,71.28484300000001
2013-05-15,78.800003,79.959999,78.650002,79.860001,8001100.0,72.26209300000001
2013-05-16,78.099998,78.860001,77.339996,78.5,1.21286E7,71.031483
2013-05-17,78.300003,78.589996,77.400002,77.870003,1.06693E7,70.461424
2013-05-20,77.879997,77.900002,77.360001,77.400002,5582600.0,70.036139
2013-05-21,77.620003,78.18,77.25,77.389999,7484300.0,70.027089
2013-05-22,77.190002,77.800003,76.75,77.029999,9031300.0,69.701339
2013-05-23,76.83000200000001,76.940002,76.25,76.33000200000001,8048200.0,69.06794000000001
2013-05-24,76.32,77.410004,76.150002,77.309998,7589600.0,69.954698
2013-05-28,77.519997,78.040001,77.059998,77.32,6059200.0,69.96374899999999
2013-05-29,77.050003,77.050003,76.059998,76.230003,5882300.0,68.977455
2013-05-30,76.489998,76.540001,75.610001,75.629997,6228000.0,68.434534
2013-05-31,75.360001,75.629997,74.82,74.839996,9745700.0,67.71969399999999
2013-06-03,75.059998,75.800003,74.639999,75.690002,8440500.0,68.48883000000001
2013-06-04,75.769997,76.379997,75.470001,75.940002,9344000.0,68.71504499999999
2013-06-05,75.720001,75.949997,75.07,75.25,6778600.0,68.09069000000001
2013-06-06,75.269997,75.739998,74.839996,75.629997,9425100.0,68.434534
2013-06-07,76.379997,76.870003,76.190002,76.33000200000001,8347200.0,69.06794000000001
2013-06-10,76.279999,76.650002,75.660004,75.75,6731500.0,68.54311899999999
2013-06-11,75.41999799999999,75.83000200000001,74.989998,75.25,6006400.0,68.09069000000001
2013-06-12,75.470001,75.709999,74.650002,74.839996,4731100.0,67.71969399999999
2013-06-13,74.779999,75.33000200000001,74.559998,75.0,7239500.0,67.864475
2013-06-14,74.839996,75.269997,74.800003,74.870003,6351500.0,67.746845
2013-06-17,75.0,75.449997,74.510002,74.949997,6480600.0,67.819229
2013-06-18,75.0,75.879997,74.800003,75.730003,6739700.0,68.525025
2013-06-19,75.739998,75.959999,74.339996,74.459999,8329100.0,67.37585
2013-06-20,74.5,74.660004,73.010002,73.029999,9069700.0,66.0819
2013-06-21,73.519997,74.199997,73.25,73.510002,1.45645E7,66.51623599999999
2013-06-24,73.050003,74.790001,72.900002,74.199997,9697300.0,67.14058399999999
2013-06-25,74.269997,74.75,73.839996,74.370003,7217800.0,67.294416
2013-06-26,74.620003,75.18,74.540001,75.010002,5478400.0,67.873525
2013-06-27,75.480003,76.110001,75.239998,75.260002,7087800.0,68.09974
2013-06-28,75.110001,75.660004,74.449997,74.489998,1.45483E7,67.40299399999999
2013-07-01,74.989998,75.279999,74.099998,74.589996,6697700.0,67.49347900000001
2013-07-02,74.309998,75.68,74.209999,74.709999,6726400.0,67.602065
2013-07-03,74.410004,75.120003,74.089996,74.760002,2316400.0,67.64731
2013-07-05,75.150002,75.260002,74.410004,75.209999,5443900.0,68.05449399999999
2013-07-08,75.68,76.769997,75.68,76.709999,6713400.0,69.411784
2013-07-09,76.959999,77.440002,76.739998,77.029999,5273100.0,69.701339
2013-07-10,76.959999,77.5,76.449997,76.769997,5144300.0,69.466073
2013-07-11,77.449997,77.75,77.33000200000001,77.629997,4680700.0,70.244253
2013-07-12,77.610001,77.66999799999999,77.33000200000001,77.629997,4457700.0,70.244253
2013-07-15,77.300003,77.300003,76.699997,77.029999,4887200.0,69.701339
2013-07-16,76.980003,77.449997,76.900002,77.370003,4707600.0,70.008995
2013-07-17,77.620003,77.790001,77.089996,77.199997,5351300.0,69.855163
2013-07-18,77.220001,77.550003,77.010002,77.339996,4149900.0,69.98184300000001
2013-07-19,77.449997,78.16999799999999,77.339996,78.08000200000001,6825900.0,70.651444
2013-07-22,77.889999,78.25,77.730003,77.870003,4158200.0,70.461424
2013-07-23,77.959999,78.629997,77.800003,78.550003,5252900.0,71.076729
2013-07-24,78.68,78.690002,77.720001,78.230003,4930000.0,70.787174
2013-07-25,78.050003,78.459999,77.629997,78.010002,5920200.0,70.588104
2013-07-26,77.93,78.029999,77.099998,78.0,5349100.0,70.579054
2013-07-29,77.83000200000001,78.25,77.779999,77.989998,3465000.0,70.570003
2013-07-30,78.209999,78.360001,77.690002,77.889999,4533700.0,70.479519
2013-07-31,77.91999799999999,78.480003,77.730003,77.940002,6040800.0,70.524764
2013-08-01,78.41999799999999,78.66999799999999,78.110001,78.220001,5168700.0,70.778124
2013-08-02,78.25,78.75,78.0,78.75,6123900.0,71.257698
2013-08-05,78.620003,79.0,78.43,78.769997,3906100.0,71.27579300000001
2013-08-06,78.559998,78.57,77.559998,77.870003,6700900.0,70.461424
2013-08-07,77.160004,77.629997,76.620003,77.370003,5819700.0,70.434111
2013-08-08,77.510002,77.889999,76.93,77.25,4474700.0,70.324866
2013-08-09,77.209999,77.32,76.769997,76.900002,5764600.0,70.006244
2013-08-12,76.559998,77.389999,76.489998,77.08000200000001,5787000.0,70.170108
2013-08-13,77.16999799999999,77.25,76.220001,76.860001,6381000.0,69.969829
2013-08-14,76.809998,77.220001,76.230003,76.400002,6820100.0,69.551067
2013-08-15,74.459999,75.08000200000001,74.029999,74.410004,1.32215E7,67.739464
2013-08-16,74.120003,74.5,73.699997,74.110001,7254500.0,67.46635500000001
2013-08-19,73.879997,73.93,73.209999,73.58000200000001,5364900.0,66.983868
2013-08-20,73.550003,73.620003,73.199997,73.230003,6663100.0,66.665245
2013-08-21,73.160004,74.129997,72.93,73.550003,8077900.0,66.956558
2013-08-22,73.809998,74.029999,73.239998,73.459999,3947400.0,66.874623
2013-08-23,73.650002,73.75,73.029999,73.440002,5474100.0,66.85641899999999
2013-08-26,73.639999,73.75,73.029999,73.029999,5348200.0,66.48317
2013-08-27,72.68,73.110001,72.510002,72.860001,5787600.0,66.328412
2013-08-28,72.660004,72.860001,72.269997,72.379997,5608600.0,65.891439
2013-08-29,72.349998,72.879997,72.230003,72.43,4088200.0,65.936959
2013-08-30,72.639999,73.07,72.58000200000001,72.980003,6066200.0,66.437657
2013-09-03,73.480003,73.58000200000001,72.540001,72.68,7157000.0,66.164548
2013-09-04,72.699997,73.120003,72.449997,72.910004,4667500.0,66.373932
2013-09-05,72.839996,73.480003,72.620003,72.66999799999999,4680500.0,66.15544200000001
2013-09-06,72.699997,73.160004,72.190002,72.589996,5790200.0,66.082612
2013-09-09,72.849998,73.650002,72.699997,73.510002,5523000.0,66.92014300000001
2013-09-10,73.660004,74.209999,73.57,73.959999,6845300.0,67.3298
2013-09-11,74.0,74.239998,73.660004,74.050003,5335800.0,67.411735
2013-09-12,74.18,74.519997,73.769997,73.910004,5261800.0,67.284286
2013-09-13,74.129997,74.400002,73.980003,74.360001,4020400.0,67.693943
2013-09-16,74.900002,75.190002,74.690002,74.779999,4200600.0,68.07629
2013-09-17,74.839996,75.470001,74.790001,75.150002,4291800.0,68.413124
2013-09-18,75.160004,76.529999,74.900002,76.41999799999999,6881700.0,69.569271
2013-09-19,76.5,76.529999,75.620003,76.209999,7109500.0,69.378097
2013-09-20,76.32,76.449997,75.83000200000001,75.83000200000001,8847600.0,69.032165
2013-09-23,75.389999,76.43,75.199997,76.41999799999999,5604700.0,69.569271
2013-09-24,76.400002,76.730003,75.690002,75.75,6874800.0,68.959335
2013-09-25,75.910004,75.940002,73.559998,74.650002,1.49723E7,67.95794699999999
2013-09-26,74.779999,74.980003,74.220001,74.620003,5078100.0,67.930637
2013-09-27,74.379997,74.459999,74.07,74.360001,4214600.0,67.693943
2013-09-30,74.279999,74.599998,73.739998,73.959999,6752500.0,67.3298
2013-10-01,73.870003,73.889999,73.32,73.589996,5675500.0,66.99296600000001
2013-10-02,73.389999,73.720001,73.040001,73.720001,7376100.0,67.111317
2013-10-03,73.529999,73.529999,72.949997,73.160004,7179600.0,66.60152099999999
2013-10-04,73.010002,73.379997,72.790001,72.800003,5747700.0,66.27379300000001
2013-10-07,72.41999799999999,72.41999799999999,71.510002,71.870003,6886400.0,65.42716300000001
2013-10-08,71.849998,73.190002,71.800003,72.900002,9224200.0,66.364827
2013-10-09,72.83000200000001,73.339996,72.57,73.0,6467400.0,66.455861
2013-10-10,73.480003,74.870003,73.269997,74.790001,7680200.0,68.085396
2013-10-11,74.610001,74.83000200000001,73.83000200000001,74.82,6529200.0,68.112705
2013-10-14,74.339996,74.709999,73.75,74.68,5904000.0,67.985256
2013-10-15,74.43,75.370003,73.989998,74.370003,8993300.0,67.703049
2013-10-16,74.809998,75.620003,74.57,75.599998,5914500.0,68.82278000000001
2013-10-17,75.489998,76.120003,71.690002,75.779999,6395100.0,68.986644
2013-10-18,75.800003,75.93,75.480003,75.709999,6788500.0,68.92291999999999
2013-10-21,75.720001,75.82,74.82,75.150002,5364100.0,68.413124
2013-10-22,75.43,76.489998,75.209999,76.32,6948500.0,69.478237
2013-10-23,76.18,76.349998,75.809998,75.900002,5870100.0,69.095889
2013-10-24,76.029999,76.510002,75.82,76.41999799999999,5864300.0,69.569271
2013-10-25,76.370003,76.760002,75.779999,76.08000200000001,6458800.0,69.259754
2013-10-28,76.160004,77.209999,76.050003,77.139999,7032400.0,70.224727
2013-10-29,77.25,77.629997,76.75,77.059998,7437600.0,70.15189699999999
2013-10-30,77.269997,77.529999,76.559998,76.910004,4646000.0,70.015349
2013-10-31,76.879997,77.150002,76.599998,76.75,4612400.0,69.86968900000001
2013-11-01,76.970001,77.400002,76.589996,77.07,5116100.0,70.161002
2013-11-04,77.220001,77.650002,77.199997,77.33000200000001,4704100.0,70.397696
2013-11-05,76.809998,77.610001,76.720001,77.41999799999999,5085500.0,70.479625
2013-11-06,77.639999,78.279999,77.300003,78.160004,4829200.0,71.15329200000001
2013-11-07,78.190002,78.220001,77.239998,77.510002,8347600.0,70.56156
2013-11-08,77.489998,77.959999,76.790001,77.959999,5793800.0,70.97121700000001
2013-11-11,77.860001,79.07,77.790001,79.010002,7450500.0,71.927092
2013-11-12,78.849998,78.970001,78.25,78.709999,5266100.0,71.653983
2013-11-13,78.41999799999999,78.989998,78.349998,78.900002,8286700.0,71.826952
2013-11-14,77.75,79.529999,77.68,79.08000200000001,9302100.0,71.99081600000001
2013-11-15,78.93,79.290001,78.75,79.220001,5911100.0,72.11826500000001
2013-11-18,79.230003,79.32,78.910004,79.220001,5962700.0,72.11826500000001
2013-11-19,79.300003,79.349998,78.879997,79.25,4455000.0,72.145575
2013-11-20,79.309998,79.389999,78.489998,78.900002,4511300.0,71.826952
2013-11-21,78.739998,79.199997,78.550003,78.860001,3841000.0,71.790537
2013-11-22,78.870003,79.870003,78.75,79.809998,4812100.0,72.655371
2013-11-25,80.059998,80.57,79.910004,80.43,5670400.0,73.21979300000001
2013-11-26,80.440002,80.68,80.110001,80.68,5537800.0,73.44738199999999
2013-11-27,80.550003,81.0,80.379997,80.93,4813300.0,73.67497
2013-11-29,81.16999799999999,81.349998,80.82,81.010002,3447200.0,73.7478
2013-12-02,80.889999,81.279999,80.370003,81.110001,6178400.0,73.83883399999999
2013-12-03,81.209999,81.33000200000001,80.699997,81.209999,7506400.0,73.929868
2013-12-04,80.639999,81.370003,79.910004,80.220001,7641200.0,73.45373199999999
2013-12-05,79.720001,79.769997,78.870003,79.440002,6450000.0,72.73952299999999
2013-12-06,79.709999,80.230003,79.639999,79.940002,5088100.0,73.19735
2013-12-09,80.239998,80.43,79.699997,79.949997,4491600.0,73.206501
2013-12-10,79.720001,79.800003,79.050003,79.08000200000001,6285700.0,72.409887
2013-12-11,79.099998,79.720001,79.050003,79.089996,5998800.0,72.419039
2013-12-12,79.110001,79.260002,78.400002,78.5,5691600.0,71.878807
2013-12-13,78.730003,78.769997,77.93,78.08000200000001,4981200.0,71.49423399999999
2013-12-16,78.25,78.5,77.599998,77.739998,6146900.0,71.182908
2013-12-17,77.739998,77.889999,77.220001,77.25,5765400.0,70.73424
2013-12-18,77.279999,77.980003,76.809998,77.940002,1.06337E7,71.366043
2013-12-19,77.66999799999999,77.83000200000001,77.199997,77.239998,5955400.0,70.725081
2013-12-20,77.279999,77.879997,77.25,77.43,9568800.0,70.899057
2013-12-23,77.730003,77.989998,77.370003,77.870003,4491900.0,71.301947
2013-12-24,77.949997,78.239998,77.629997,78.010002,2094900.0,71.430138
2013-12-26,78.059998,78.519997,77.970001,78.389999,2778200.0,71.77808399999999
2013-12-27,78.599998,78.93,78.300003,78.470001,3050000.0,71.851338
2013-12-30,78.610001,78.879997,78.43,78.629997,3086500.0,71.997839
2013-12-31,78.660004,78.870003,78.349998,78.690002,3859100.0,72.05278299999999
2014-01-02,78.720001,79.470001,78.5,78.910004,6878000.0,72.254228
2014-01-03,78.809998,79.129997,78.519997,78.650002,4957400.0,72.01615600000001
2014-01-06,78.860001,78.910004,77.790001,78.209999,7280200.0,71.61326600000001
2014-01-07,78.16999799999999,78.849998,77.91999799999999,78.449997,5012300.0,71.833021
2014-01-08,78.5,78.510002,77.599998,77.83000200000001,5955200.0,71.26531999999999
2014-01-09,78.389999,78.400002,77.489998,78.089996,5916300.0,71.503385
2014-01-10,78.309998,78.720001,77.540001,78.040001,5181300.0,71.457607
2014-01-13,77.599998,77.970001,77.239998,77.489998,6157900.0,70.953994
2014-01-14,77.459999,78.0,77.379997,77.959999,4088200.0,71.384353
2014-01-15,77.959999,78.099998,77.57,77.660004,4992400.0,71.109661
2014-01-16,77.389999,77.470001,76.349998,76.760002,7201500.0,70.28557099999999
2014-01-17,76.730003,76.82,76.029999,76.190002,1.14407E7,69.763649
2014-01-21,76.25,76.389999,74.860001,75.839996,8971100.0,69.44316500000001
2014-01-22,76.08000200000001,76.08000200000001,75.029999,75.349998,5853700.0,68.994496
2014-01-23,74.839996,75.120003,74.470001,74.959999,6006300.0,68.637392
2014-01-24,74.730003,75.120003,74.230003,74.41999799999999,9332800.0,68.142938
2014-01-27,74.129997,74.370003,73.83000200000001,74.150002,9088700.0,67.895715
2014-01-28,74.260002,75.400002,74.099998,74.66999799999999,6023400.0,68.371852
2014-01-29,75.290001,75.370003,74.07,74.099998,8433700.0,67.849929
2014-01-30,74.540001,75.089996,74.360001,74.75,6732900.0,68.44510600000001
2014-01-31,73.91999799999999,75.190002,73.639999,74.68,1.05448E7,68.38101
2014-02-03,74.190002,74.5,72.540001,72.660004,1.04307E7,66.53139300000001
2014-02-04,72.66999799999999,73.099998,72.300003,72.730003,7755500.0,66.595488
2014-02-05,72.269997,73.160004,72.269997,72.870003,4774300.0,66.723679
2014-02-06,72.970001,73.209999,72.5,72.82,7353100.0,66.677894
2014-02-07,73.050003,73.800003,72.5,73.75,7287600.0,67.529452
2014-02-10,73.589996,73.760002,72.959999,73.760002,6204100.0,67.53860999999999
2014-02-11,73.900002,74.849998,73.66999799999999,74.800003,6511200.0,68.490891
2014-02-12,74.220001,75.18,74.220001,74.959999,5339800.0,68.637392
2014-02-13,74.68,75.489998,74.559998,75.360001,5250200.0,69.00365500000001
2014-02-14,75.400002,75.989998,75.099998,75.790001,4908900.0,69.397386
2014-02-18,75.489998,75.650002,74.860001,75.33000200000001,5993800.0,68.976186
2014-02-19,75.010002,75.32,74.410004,74.849998,8130300.0,68.53667
2014-02-20,73.050003,74.0,72.809998,73.519997,1.30791E7,67.318849
2014-02-21,73.190002,73.400002,72.82,73.120003,8971000.0,66.95259300000001
2014-02-24,73.239998,73.82,73.139999,73.349998,7321500.0,67.163189
2014-02-25,73.18,73.739998,73.089996,73.349998,9482700.0,67.163189
2014-02-26,73.940002,75.099998,73.790001,74.779999,9022200.0,68.472574
2014-02-27,74.779999,74.779999,74.089996,74.559998,5448200.0,68.271129
2014-02-28,74.480003,75.190002,74.199997,74.699997,7444600.0,68.39931999999999
2014-03-03,74.489998,74.66999799999999,73.83000200000001,74.120003,5347600.0,67.868246
2014-03-04,74.769997,75.489998,74.660004,75.129997,7543800.0,68.793051
2014-03-05,75.32,75.33000200000001,74.58000200000001,74.800003,5524800.0,68.490891
2014-03-06,74.860001,75.110001,74.510002,74.879997,5106600.0,68.564138
2014-03-07,74.959999,74.959999,74.360001,74.58000200000001,5054600.0,68.730021
2014-03-10,74.519997,74.599998,74.050003,74.43,4827000.0,68.591786
2014-03-11,74.720001,74.970001,74.199997,74.91999799999999,9005600.0,69.04334899999999
2014-03-12,74.849998,75.75,74.82,75.529999,8627600.0,69.605501
2014-03-13,75.709999,76.18,74.910004,74.93,5824500.0,69.052566
2014-03-14,74.66999799999999,75.07,74.269997,74.279999,6619000.0,68.45355
2014-03-17,74.300003,74.849998,74.010002,74.68,5780400.0,68.822176
2014-03-18,74.660004,74.989998,74.449997,74.769997,3943800.0,68.905113
2014-03-19,74.559998,75.110001,74.019997,74.379997,5761100.0,68.545705
2014-03-20,74.019997,75.68,73.860001,75.379997,8637500.0,69.46726600000001
2014-03-21,75.889999,77.019997,75.449997,76.099998,1.71602E7,70.130791
2014-03-24,76.209999,76.800003,76.110001,76.760002,7279500.0,70.739025
2014-03-25,76.879997,77.139999,76.160004,76.870003,7382200.0,70.840397
2014-03-26,77.08000200000001,77.529999,76.230003,76.230003,7727800.0,70.250598
2014-03-27,76.379997,76.82,76.040001,76.139999,5596600.0,70.167654
2014-03-28,76.260002,76.599998,75.769997,76.010002,5871100.0,70.047854
2014-03-31,76.349998,76.779999,76.019997,76.43,4695600.0,70.434908
2014-04-01,76.760002,77.25,76.540001,76.769997,5770000.0,70.748235
2014-04-02,76.58000200000001,77.190002,76.339996,77.18,6078100.0,71.126078
2014-04-03,77.199997,77.550003,77.0,77.459999,6040500.0,71.384114
2014-04-04,77.58000200000001,77.900002,77.25,77.309998,6760200.0,71.245879
2014-04-07,77.230003,77.720001,77.089996,77.309998,7675700.0,71.245879
2014-04-08,77.089996,78.309998,76.800003,78.18,7498700.0,72.047639
2014-04-09,78.199997,78.220001,77.279999,77.970001,6877800.0,71.854113
2014-04-10,77.949997,78.139999,76.650002,76.889999,7599600.0,70.858825
2014-04-11,76.779999,77.230003,76.290001,76.5,7979000.0,70.49941700000001
2014-04-14,76.940002,77.550003,76.790001,77.379997,5375900.0,71.310388
2014-04-15,77.029999,77.309998,76.440002,76.879997,6928600.0,70.84960699999999
2014-04-16,77.309998,77.470001,77.029999,77.220001,5036800.0,71.162942
2014-04-17,77.08000200000001,77.75,77.08000200000001,77.660004,6964700.0,71.568431
2014-04-21,77.410004,77.730003,77.18,77.599998,4595100.0,71.513132
2014-04-22,77.519997,77.83000200000001,77.389999,77.559998,6465500.0,71.47626899999999
2014-04-23,77.82,78.279999,77.57,78.040001,5806200.0,71.918621
2014-04-24,78.16999799999999,78.470001,77.699997,78.309998,4347500.0,72.16744
2014-04-25,78.309998,78.779999,78.019997,78.620003,5392600.0,72.453129
2014-04-28,78.860001,79.989998,78.83000200000001,79.760002,9598700.0,73.50370799999999
2014-04-29,79.839996,79.870003,79.57,79.66999799999999,4695700.0,73.420763
2014-04-30,79.589996,79.93,79.510002,79.709999,6111700.0,73.457627
2014-05-01,79.730003,79.730003,79.160004,79.699997,5098000.0,73.448409
2014-05-02,79.599998,79.760002,79.010002,79.120003,5620000.0,72.91390899999999
2014-05-05,78.860001,78.949997,78.510002,78.620003,4591000.0,72.453129
2014-05-06,78.33000200000001,78.389999,77.970001,78.010002,5638900.0,71.890976
2014-05-07,77.849998,78.099998,77.529999,77.959999,6086200.0,72.289698
2014-05-08,78.0,78.83000200000001,78.0,78.690002,4820600.0,72.966606
2014-05-09,78.519997,79.279999,78.519997,79.199997,4896400.0,73.43950699999999
2014-05-12,78.949997,79.230003,78.650002,79.150002,5999800.0,73.393148
2014-05-13,79.16999799999999,79.370003,78.989998,79.139999,4363700.0,73.383873
2014-05-14,79.050003,79.050003,78.07,78.739998,5608300.0,73.01296500000001
2014-05-15,76.279999,77.440002,76.25,76.83000200000001,1.30358E7,71.24189
2014-05-16,77.0,77.379997,76.650002,77.010002,7243800.0,71.408798
2014-05-19,77.110001,77.129997,76.5,76.610001,6131300.0,71.03789
2014-05-20,76.360001,76.370003,75.519997,75.690002,7436700.0,70.18480699999999
2014-05-21,75.940002,75.959999,75.269997,75.660004,5704100.0,70.15699000000001
2014-05-22,75.790001,75.91999799999999,75.239998,75.389999,5243700.0,69.906624
2014-05-23,75.559998,75.75,75.43,75.610001,3703600.0,70.110624
2014-05-27,75.709999,75.809998,75.290001,75.589996,5370800.0,70.092074
2014-05-28,75.379997,75.940002,75.339996,75.529999,5036900.0,70.03644
2014-05-29,75.66999799999999,76.190002,75.57,75.980003,4003500.0,70.453715
2014-05-30,76.059998,76.809998,76.010002,76.769997,5964800.0,71.186249
2014-06-02,76.58000200000001,77.110001,76.470001,76.760002,4390400.0,71.17698100000001
2014-06-03,76.739998,76.970001,76.360001,76.709999,7213600.0,71.130615
2014-06-04,76.599998,77.300003,76.529999,77.129997,6199900.0,71.520066
2014-06-05,77.050003,77.440002,76.870003,77.32,4695800.0,71.696248
2014-06-06,77.459999,77.589996,77.07,77.209999,4188900.0,71.594249
2014-06-09,77.07,77.760002,76.699997,77.010002,5547600.0,71.408798
2014-06-10,76.809998,76.940002,76.510002,76.620003,3365700.0,71.047165
2014-06-11,76.550003,76.739998,76.050003,76.160004,4463300.0,70.620623
2014-06-12,76.050003,76.190002,75.58000200000001,75.730003,5336600.0,70.221898
2014-06-13,75.66999799999999,75.760002,75.120003,75.279999,4981500.0,69.804624
2014-06-16,75.110001,75.480003,75.019997,75.339996,3846900.0,69.860258
2014-06-17,75.290001,75.41999799999999,74.91999799999999,74.989998,6544200.0,69.53571600000001
2014-06-18,75.040001,75.959999,74.91999799999999,75.699997,6740700.0,70.194074
2014-06-19,75.879997,76.279999,75.800003,75.870003,5255300.0,70.351715
2014-06-20,76.160004,76.16999799999999,75.120003,75.68,1.13307E7,70.17553199999999
2014-06-23,75.559998,75.940002,75.300003,75.790001,4267400.0,70.277532
2014-06-24,76.029999,76.209999,75.68,75.970001,5652300.0,70.44444
2014-06-25,75.760002,75.839996,75.279999,75.620003,4318200.0,70.11989799999999
2014-06-26,75.519997,75.610001,74.699997,74.910004,6922100.0,69.46154
2014-06-27,74.800003,75.379997,74.66999799999999,75.339996,1.39608E7,69.860258
2014-06-30,75.400002,75.690002,74.940002,75.07,6653800.0,69.609899
2014-07-01,75.269997,75.41999799999999,74.75,75.279999,6604500.0,69.804624
2014-07-02,75.260002,75.900002,75.25,75.620003,4366800.0,70.11989799999999
2014-07-03,75.610001,76.050003,75.519997,75.75,2874000.0,70.24044
2014-07-07,75.690002,76.209999,75.550003,76.07,5028000.0,70.537165
2014-07-08,76.089996,76.980003,76.029999,76.650002,7960500.0,71.07498199999999
2014-07-09,76.769997,77.33000200000001,76.620003,77.209999,6240100.0,71.594249
2014-07-10,76.910004,77.57,76.910004,77.059998,5372500.0,71.455157
2014-07-11,76.870003,76.970001,76.559998,76.82,4547500.0,71.232615
2014-07-14,77.129997,77.25,76.480003,76.550003,4822900.0,70.982256
2014-07-15,76.559998,76.93,76.559998,76.839996,4656900.0,71.25115699999999
2014-07-16,76.900002,77.050003,76.699997,76.860001,3724200.0,71.269707
2014-07-17,76.58000200000001,77.050003,76.440002,76.610001,4630300.0,71.03789
2014-07-18,76.620003,77.099998,76.510002,77.089996,4913300.0,71.482974
2014-07-21,76.760002,76.910004,76.480003,76.769997,3457600.0,71.186249
2014-07-22,76.839996,76.889999,76.400002,76.639999,4383200.0,71.06570699999999
2014-07-23,76.629997,77.059998,76.589996,76.989998,3994300.0,71.390249
2014-07-24,76.68,76.790001,76.190002,76.349998,7228300.0,70.796799
2014-07-25,76.190002,76.360001,75.800003,75.970001,3948400.0,70.44444
2014-07-28,75.43,75.93,75.360001,75.709999,5509900.0,70.203349
2014-07-29,75.209999,76.010002,75.150002,75.440002,6293500.0,69.95299
2014-07-30,75.879997,75.91999799999999,74.66999799999999,74.779999,9977200.0,69.340991
2014-07-31,73.989998,74.25,73.540001,73.58000200000001,9631600.0,68.228274
2014-08-01,73.32,73.879997,73.220001,73.540001,8223900.0,68.191182
2014-08-04,73.379997,73.629997,73.059998,73.540001,5402100.0,68.191182
2014-08-05,73.309998,73.519997,72.769997,73.339996,1.05799E7,68.005725
2014-08-06,73.190002,74.290001,73.18,74.199997,7934800.0,69.256449
2014-08-07,74.339996,74.809998,73.760002,73.949997,7049000.0,69.023105
2014-08-08,74.059998,74.730003,73.849998,74.66999799999999,4996300.0,69.695136
2014-08-11,74.290001,74.599998,74.019997,74.360001,4721400.0,69.405792
2014-08-12,74.309998,74.440002,74.010002,74.220001,3928200.0,69.27512
2014-08-13,74.269997,74.410004,73.510002,74.029999,6619100.0,69.09777700000001
2014-08-14,73.889999,74.43,73.610001,74.389999,6136300.0,69.43379200000001
2014-08-15,74.650002,74.650002,73.489998,73.900002,6942700.0,68.97644
2014-08-18,74.150002,74.68,74.050003,74.489998,4015700.0,69.527128
2014-08-19,74.809998,74.940002,74.139999,74.879997,5047900.0,69.891144
2014-08-20,74.83000200000001,75.050003,74.510002,74.959999,4898300.0,69.965816
2014-08-21,75.059998,75.910004,75.0,75.550003,5260600.0,70.516511
2014-08-22,75.779999,76.199997,75.639999,75.730003,4137800.0,70.684519
2014-08-25,75.93,76.019997,75.510002,75.690002,3393600.0,70.647183
2014-08-26,75.83000200000001,76.150002,75.440002,75.519997,4222900.0,70.488504
2014-08-27,75.510002,75.860001,75.440002,75.849998,3200400.0,70.79652
2014-08-28,75.470001,75.940002,75.470001,75.900002,2923700.0,70.843191
2014-08-29,75.75,75.879997,75.290001,75.5,5080500.0,70.46984
2014-09-02,75.41999799999999,75.940002,75.410004,75.75,4532400.0,70.703183
2014-09-03,75.949997,76.33000200000001,75.879997,76.010002,4709400.0,70.945863
2014-09-04,76.160004,76.599998,76.110001,76.559998,5282300.0,71.459215
2014-09-05,76.519997,77.730003,76.480003,77.510002,7841800.0,72.345926
2014-09-08,77.129997,77.32,76.43,76.529999,5938900.0,71.43121500000001
2014-09-09,76.559998,77.0,76.16999799999999,76.739998,5632000.0,71.627223
2014-09-10,76.790001,77.08000200000001,76.370003,76.510002,6697100.0,71.41255100000001
2014-09-11,76.349998,76.440002,76.089996,76.099998,4953300.0,71.029863
2014-09-12,75.970001,76.050003,75.660004,75.769997,5652300.0,70.721848
2014-09-15,75.779999,75.889999,75.610001,75.809998,3748500.0,70.75918399999999
2014-09-16,75.639999,76.57,75.599998,76.32,4109500.0,71.23520699999999
2014-09-17,76.360001,76.470001,76.010002,76.239998,4239000.0,71.160535
2014-09-18,76.309998,76.58000200000001,75.910004,76.220001,4751700.0,71.141871
2014-09-19,76.449997,77.07,76.379997,76.839996,1.33235E7,71.720559
2014-09-22,76.790001,76.860001,76.25,76.309998,4450700.0,71.225871
2014-09-23,76.0,76.220001,75.57,75.599998,6708000.0,70.563176
2014-09-24,75.730003,77.309998,75.699997,77.08000200000001,8434600.0,71.944574
2014-09-25,76.93,77.050003,76.120003,76.120003,4963500.0,71.048535
2014-09-26,76.25,76.57,75.860001,76.489998,3752900.0,71.393879
2014-09-29,76.059998,76.25,75.650002,76.08000200000001,4959300.0,71.011199
2014-09-30,76.040001,76.720001,75.769997,76.470001,5640700.0,71.375215
2014-10-01,76.510002,76.860001,75.910004,76.120003,6524900.0,71.048535
2014-10-02,76.209999,76.910004,75.959999,76.230003,4921200.0,71.151207
2014-10-03,76.57,77.480003,76.529999,77.32,5819700.0,72.168582
2014-10-06,77.050003,77.91999799999999,76.989998,77.349998,5429700.0,72.19658299999999
2014-10-07,77.029999,77.690002,76.720001,77.300003,7059900.0,72.149918
2014-10-08,77.410004,78.489998,76.809998,78.239998,8107100.0,73.027286
2014-10-09,78.110001,78.83000200000001,77.660004,77.860001,7072700.0,72.672606
2014-10-10,77.93,79.370003,77.93,78.290001,1.0078E7,73.07395799999999
2014-10-13,78.029999,78.58000200000001,77.449997,77.559998,8201200.0,72.39259100000001
2014-10-14,77.83000200000001,78.629997,77.66999799999999,77.980003,7901100.0,72.784614
2014-10-15,77.58000200000001,77.690002,74.360001,75.199997,2.10577E7,70.189824
2014-10-16,73.230003,74.07,72.610001,73.82,1.43466E7,68.90176899999999
2014-10-17,74.18,74.5,73.029999,74.099998,1.14623E7,69.163113
2014-10-20,74.139999,75.220001,73.91999799999999,75.139999,7040700.0,70.133824
2014-10-21,75.18,76.199997,75.010002,76.019997,8299700.0,70.95519200000001
2014-10-22,76.470001,76.660004,76.010002,76.029999,5927600.0,70.964527
2014-10-23,76.370003,76.650002,75.779999,76.25,6367100.0,71.169871
2014-10-24,76.129997,76.5,75.5,76.379997,4479600.0,71.291207
2014-10-27,76.33000200000001,76.980003,76.309998,76.589996,4107400.0,71.487215
2014-10-28,76.629997,76.800003,76.0,76.349998,4979600.0,71.263207
2014-10-29,76.550003,76.639999,75.970001,76.389999,5759700.0,71.300543
2014-10-30,76.16999799999999,76.599998,75.980003,76.449997,4872400.0,71.356543
2014-10-31,76.889999,77.400002,76.010002,76.269997,7570700.0,71.188535
2014-11-03,76.349998,76.379997,75.589996,76.279999,6894400.0,71.19787099999999
2014-11-04,76.489998,77.370003,76.279999,77.260002,6904900.0,72.11258199999999
2014-11-05,77.870003,78.230003,77.300003,77.699997,5673800.0,72.523263
2014-11-06,78.150002,78.18,77.16999799999999,77.809998,4621900.0,72.625934
2014-11-07,77.839996,79.08000200000001,77.610001,78.769997,9498800.0,73.521974
2014-11-10,78.599998,80.129997,78.41999799999999,79.440002,1.26405E7,74.147341
2014-11-11,79.400002,79.41999799999999,78.849998,79.010002,5602400.0,73.745989
2014-11-12,78.83000200000001,79.440002,78.650002,79.199997,6791200.0,73.923326
2014-11-13,80.959999,83.059998,80.860001,82.940002,2.28124E7,77.41415500000001
2014-11-14,82.58000200000001,83.150002,82.099998,82.959999,1.06366E7,77.432819
2014-11-17,82.58000200000001,83.720001,82.529999,83.57,7993400.0,78.002178
2014-11-18,83.5,83.91999799999999,83.339996,83.790001,6096400.0,78.207522
2014-11-19,83.959999,85.639999,83.91999799999999,84.989998,1.21898E7,79.32757
2014-11-20,84.809998,85.290001,84.040001,84.58000200000001,7812700.0,78.94489
2014-11-21,85.339996,85.440002,84.58000200000001,84.650002,6649600.0,79.010226
2014-11-24,84.849998,85.610001,84.769997,85.400002,7995500.0,79.710257
2014-11-25,85.5,85.510002,84.389999,84.949997,6675500.0,79.290234
2014-11-26,84.900002,85.110001,84.480003,84.980003,3942800.0,79.318241
2014-11-28,86.18,88.089996,85.900002,87.540001,7820600.0,81.70768000000001
2014-12-01,86.720001,87.07,85.75,86.220001,9140900.0,80.475625
2014-12-02,86.269997,86.699997,85.93,86.400002,6766300.0,80.643632
2014-12-03,85.949997,86.0,84.68,84.940002,6374300.0,79.723816
2014-12-04,84.129997,84.82,83.650002,84.760002,6901400.0,79.554869
2014-12-05,84.809998,84.82,83.510002,84.120003,6570100.0,78.954172
2014-12-08,84.150002,84.66999799999999,83.849998,84.230003,6266000.0,79.057418
2014-12-09,83.650002,84.209999,82.650002,83.559998,6633600.0,78.428557
2014-12-10,83.93,84.309998,82.900002,82.980003,6973600.0,77.88418100000001
2014-12-11,83.199997,84.5,83.160004,83.83000200000001,8032800.0,78.68198100000001
2014-12-12,83.519997,85.0,83.519997,83.809998,7284100.0,78.663205
2014-12-15,84.260002,84.699997,83.050003,83.940002,6317700.0,78.785226
2014-12-16,83.620003,84.760002,82.940002,82.959999,7437400.0,77.86540500000001
2014-12-17,83.279999,84.260002,82.949997,84.230003,6641000.0,79.057418
2014-12-18,84.800003,85.949997,84.279999,85.940002,8645900.0,80.662406
2014-12-19,86.260002,86.339996,85.160004,85.160004,1.20688E7,79.930307
2014-12-22,85.32,86.400002,85.290001,86.379997,4575800.0,81.07538000000001
2014-12-23,86.690002,87.08000200000001,86.360001,86.660004,5552600.0,81.33819100000001
2014-12-24,86.970001,87.07,86.389999,86.43,2491800.0,81.122313
2014-12-26,86.18,87.139999,86.010002,86.910004,3249300.0,81.572839
2014-12-29,86.459999,87.07,86.400002,86.639999,3605600.0,81.319416
2014-12-30,86.519997,87.129997,86.480003,86.790001,3265400.0,81.460205
2014-12-31,87.08000200000001,87.440002,85.860001,85.879997,4151400.0,80.606085
2015-01-02,86.269997,86.720001,85.550003,85.900002,4501800.0,80.624861
2015-01-05,85.720001,86.32,85.510002,85.650002,6979000.0,80.390214
2015-01-06,85.980003,86.75,85.790001,86.309998,8205100.0,81.009679
2015-01-07,86.779999,88.68,86.66999799999999,88.599998,8498400.0,83.159051
2015-01-08,89.209999,90.66999799999999,89.07,90.470001,1.27136E7,84.91421600000001
2015-01-09,90.32,90.389999,89.25,89.349998,8522500.0,83.862993
2015-01-12,89.360001,90.309998,89.220001,90.019997,7372500.0,84.491846
2015-01-13,90.800003,90.970001,88.93,89.309998,8215400.0,83.825448
2015-01-14,87.650002,88.519997,86.5,86.610001,1.17456E7,81.291259
2015-01-15,87.0,87.779999,86.699997,87.379997,9412700.0,82.01397
2015-01-16,87.199997,87.459999,86.230003,86.769997,8408900.0,81.44143000000001
2015-01-20,86.82,87.699997,85.550003,86.690002,7853100.0,81.366348
2015-01-21,86.099998,86.910004,85.709999,86.639999,8173800.0,81.319416
2015-01-22,87.230003,88.400002,86.860001,88.300003,7123800.0,82.877478
2015-01-23,88.41999799999999,89.260002,87.889999,88.510002,7565800.0,83.07458100000001
2015-01-26,88.309998,89.160004,88.120003,88.629997,4666700.0,83.187207
2015-01-27,88.279999,88.459999,87.260002,87.529999,6020500.0,82.15476
2015-01-28,88.019997,88.230003,86.769997,86.82,5936800.0,81.488362
2015-01-29,87.07,87.720001,86.269997,87.720001,6522800.0,82.33309399999999
2015-01-30,86.779999,87.360001,84.900002,84.980003,1.02802E7,79.76136
2015-02-02,84.790001,85.870003,83.93,85.709999,6927200.0,80.446527
2015-02-03,85.83000200000001,86.529999,85.660004,86.190002,8283500.0,80.897053
2015-02-04,86.110001,87.040001,86.0,86.650002,8932300.0,81.32880300000001
2015-02-05,87.110001,87.360001,86.559998,87.279999,5090800.0,81.920112
2015-02-06,87.260002,88.0,86.779999,87.33000200000001,5617600.0,81.967045
2015-02-09,86.970001,87.190002,85.639999,85.910004,5456200.0,80.634249
2015-02-10,86.620003,87.410004,86.41999799999999,87.290001,5732100.0,81.9295
2015-02-11,86.629997,87.120003,85.91999799999999,86.339996,5853100.0,81.037836
2015-02-12,86.559998,86.68,85.230003,85.889999,6941600.0,80.615473
2015-02-13,85.839996,86.160004,85.32,85.809998,5597000.0,80.540384
2015-02-17,85.43,85.970001,84.970001,85.959999,5087200.0,80.681174
2015-02-18,85.959999,86.300003,85.519997,86.290001,6032700.0,80.990911
2015-02-19,84.5,84.800003,83.389999,83.519997,1.86468E7,78.391013
2015-02-20,82.730003,84.379997,82.550003,84.300003,1.38404E7,79.12311899999999
2015-02-23,84.389999,84.860001,84.230003,84.599998,6730400.0,79.404692
2015-02-24,84.519997,84.82,83.91999799999999,84.57,5197700.0,79.376535
2015-02-25,84.629997,84.720001,83.519997,83.57,6808400.0,78.437945
2015-02-26,83.849998,83.860001,83.269997,83.800003,5888100.0,78.653824
2015-02-27,83.720001,84.160004,83.400002,83.93,5877400.0,78.77583800000001
2015-03-02,83.93,84.0,83.199997,83.959999,6061500.0,78.803995
2015-03-03,83.660004,83.82,83.16999799999999,83.370003,6460800.0,78.25023
2015-03-04,83.209999,83.209999,82.199997,82.58000200000001,6214400.0,77.50874300000001
2015-03-05,83.150002,83.870003,82.959999,83.57,5997500.0,78.437945
2015-03-06,82.809998,83.099998,82.379997,82.589996,5731000.0,77.518124
2015-03-09,82.589996,83.339996,82.540001,82.879997,4671500.0,77.790316
2015-03-10,82.269997,82.5,82.07,82.07,6311100.0,77.030061
2015-03-11,81.82,81.970001,80.540001,80.690002,6160900.0,76.189701
2015-03-12,80.809998,82.120003,80.779999,81.900002,5225800.0,77.332216
2015-03-13,81.949997,82.25,81.290001,81.900002,4762200.0,77.332216
2015-03-16,82.449997,83.370003,82.440002,83.290001,6519100.0,78.64469100000001
2015-03-17,82.980003,83.010002,82.239998,82.620003,4802000.0,78.01205999999999
2015-03-18,81.980003,82.959999,81.160004,82.529999,1.02523E7,77.927076
2015-03-19,82.33000200000001,82.440002,81.370003,81.519997,7212900.0,76.973405
2015-03-20,81.83000200000001,83.489998,81.709999,83.239998,1.23653E7,78.597477
2015-03-23,83.18,83.900002,83.120003,83.309998,6505700.0,78.663572
2015-03-24,83.190002,83.709999,82.959999,83.050003,5359100.0,78.41807800000001
2015-03-25,83.089996,83.25,81.309998,81.32,6645900.0,76.784562
2015-03-26,80.93,82.309998,80.650002,81.889999,8267200.0,77.322771
2015-03-27,81.849998,82.18,81.25,81.349998,5717400.0,76.812888
2015-03-30,81.699997,82.800003,81.43,82.529999,5701700.0,77.927076
2015-03-31,82.389999,83.040001,82.25,82.25,5587700.0,77.66269399999999
2015-04-01,82.279999,82.279999,80.43,80.709999,8306700.0,76.20858299999999
2015-04-02,80.730003,81.32,80.550003,80.730003,5795700.0,76.227471
2015-04-06,80.459999,81.33000200000001,80.150002,80.989998,6380700.0,76.472965
2015-04-07,81.089996,81.290001,80.459999,80.5,6606100.0,76.010296
2015-04-08,80.389999,81.230003,80.360001,81.029999,6694700.0,76.510735
2015-04-09,80.839996,81.389999,80.58000200000001,80.839996,3923600.0,76.33133000000001
2015-04-10,80.860001,81.0,80.550003,80.650002,5480300.0,76.151931
2015-04-13,80.400002,80.91999799999999,80.269997,80.290001,4698100.0,75.812009
2015-04-14,80.290001,80.41999799999999,79.68,80.150002,5531700.0,75.67981800000001
2015-04-15,80.58000200000001,80.980003,79.650002,79.739998,6200400.0,75.292681
2015-04-16,79.5,79.889999,79.129997,79.239998,8015100.0,74.82056800000001
2015-04-17,78.940002,79.150002,77.550003,77.879997,1.18228E7,73.53641800000001
2015-04-20,78.389999,78.83000200000001,78.019997,78.139999,8847600.0,73.78191899999999
2015-04-21,78.610001,78.839996,77.910004,78.029999,6200200.0,73.678053
2015-04-22,77.730003,78.639999,77.550003,78.43,7594700.0,74.055746
2015-04-23,78.379997,79.540001,78.199997,79.18,7468900.0,74.76391600000001
2015-04-24,79.379997,80.93,79.239998,79.839996,6867800.0,75.387102
2015-04-27,79.769997,79.860001,79.290001,79.370003,6449800.0,74.943322
2015-04-28,79.459999,79.480003,78.769997,79.099998,4895900.0,74.688376
2015-04-29,78.699997,78.790001,77.790001,77.879997,7108400.0,73.53641800000001
2015-04-30,77.83000200000001,78.480003,77.589996,78.050003,8795900.0,73.696942
2015-05-01,78.199997,78.760002,78.16999799999999,78.599998,4999700.0,74.216263
2015-05-04,78.980003,79.550003,78.459999,79.18,6669200.0,74.76391600000001
2015-05-05,79.010002,79.010002,78.059998,78.129997,5855400.0,73.772475
2015-05-06,77.91999799999999,78.120003,77.16999799999999,77.650002,5480100.0,73.78197800000001
2015-05-07,77.730003,78.339996,77.300003,78.029999,5538100.0,74.143046
2015-05-08,78.599998,79.25,78.400002,78.529999,5347400.0,74.618139
2015-05-11,78.32,78.610001,78.029999,78.099998,3744900.0,74.209559
2015-05-12,78.019997,79.480003,77.870003,78.959999,8449000.0,75.02672
2015-05-13,79.18,79.43,77.980003,78.160004,8421200.0,74.266575
2015-05-14,78.370003,78.769997,78.019997,78.720001,6170200.0,74.798677
2015-05-15,78.709999,79.25,78.57,79.239998,6617200.0,75.292771
2015-05-18,79.370003,79.940002,79.160004,79.91999799999999,8300300.0,75.938898
2015-05-19,78.18,78.360001,76.230003,76.43,2.24586E7,72.622749
2015-05-20,76.480003,76.5,75.83000200000001,75.900002,1.05419E7,72.119152
2015-05-21,75.800003,76.41999799999999,75.559998,76.110001,6756200.0,72.31869
2015-05-22,76.199997,76.379997,75.860001,75.860001,6815000.0,72.08114300000001
2015-05-26,75.769997,75.83000200000001,74.82,74.900002,1.05736E7,71.168965
2015-05-27,75.010002,75.510002,75.0,75.190002,6987100.0,71.44452
2015-05-28,75.07,75.160004,74.650002,74.839996,5025500.0,71.111949
2015-05-29,74.82,74.879997,74.150002,74.269997,6375100.0,70.57034300000001
2015-06-01,74.690002,75.08000200000001,74.410004,74.730003,5646000.0,71.007435
2015-06-02,74.540001,75.0,74.41999799999999,74.529999,5797800.0,70.817394
2015-06-03,74.699997,75.199997,74.470001,74.889999,6068500.0,71.159461
2015-06-04,74.459999,74.980003,73.949997,74.150002,8982800.0,70.456325
2015-06-05,74.16999799999999,74.269997,72.980003,73.059998,1.06351E7,69.420618
2015-06-08,73.43,73.489998,72.599998,72.610001,9593000.0,68.993037
2015-06-09,72.699997,72.849998,72.360001,72.470001,8335600.0,68.860012
2015-06-10,72.709999,73.33000200000001,72.339996,72.93,1.12158E7,69.297097
2015-06-11,73.230003,73.66999799999999,72.839996,72.940002,7420000.0,69.306601
2015-06-12,72.739998,72.900002,72.400002,72.43,7246600.0,68.822004
2015-06-15,72.199997,72.400002,71.699997,71.93,7566800.0,68.34691
2015-06-16,72.220001,72.58000200000001,71.720001,72.349998,6215600.0,68.745987
2015-06-17,72.629997,72.900002,72.339996,72.730003,5703900.0,69.107062
2015-06-18,72.739998,73.480003,72.739998,72.980003,8376600.0,69.34460899999999
2015-06-19,72.800003,73.220001,72.699997,72.739998,1.45507E7,69.116559
2015-06-22,72.980003,73.190002,72.690002,72.790001,6489500.0,69.16407099999999
2015-06-23,72.889999,72.940002,72.339996,72.57,7876300.0,68.95502900000001
2015-06-24,72.559998,72.650002,72.139999,72.379997,7338400.0,68.774491
2015-06-25,72.449997,72.629997,71.83000200000001,71.860001,5293200.0,68.28039799999999
2015-06-26,71.959999,72.459999,71.870003,72.120003,6897800.0,68.52744799999999
2015-06-29,71.800003,72.0,71.410004,71.41999799999999,8187800.0,67.862313
2015-06-30,71.809998,71.809998,70.779999,70.93,1.11026E7,67.396724
2015-07-01,71.599998,71.949997,70.360001,71.879997,1.07739E7,68.299398
2015-07-02,72.019997,72.559998,71.660004,71.860001,6586100.0,68.28039799999999
2015-07-06,71.379997,72.690002,71.379997,72.529999,1.05365E7,68.91702099999999
2015-07-07,72.660004,73.860001,72.0,73.790001,1.24213E7,70.11425799999999
2015-07-08,73.300003,73.589996,72.900002,73.059998,7791000.0,69.420618
2015-07-09,73.66999799999999,73.730003,72.709999,72.779999,8670500.0,69.154567
2015-07-10,73.08000200000001,73.550003,73.08000200000001,73.120003,5579300.0,69.477634
2015-07-13,73.510002,74.110001,73.510002,73.879997,6084500.0,70.199771
2015-07-14,73.980003,74.089996,73.480003,73.790001,5518200.0,70.11425799999999
2015-07-15,73.589996,73.900002,73.190002,73.650002,4566700.0,69.98123199999999
2015-07-16,73.970001,74.139999,73.760002,73.83000200000001,5231700.0,70.152266
2015-07-17,73.739998,74.07,73.309998,73.389999,5680600.0,69.73418199999999
2015-07-20,73.349998,73.440002,73.059998,73.099998,5085600.0,69.458627
2015-07-21,73.099998,73.290001,72.529999,72.739998,6441100.0,69.116559
2015-07-22,72.779999,73.82,72.779999,73.160004,6961600.0,69.51564300000001
2015-07-23,73.07,73.220001,72.41999799999999,72.510002,4252900.0,68.89801999999999
2015-07-24,72.529999,72.559998,71.5,71.58000200000001,5951100.0,68.014347
2015-07-27,71.379997,71.650002,71.010002,71.379997,6197600.0,67.82430500000001
2015-07-28,71.529999,72.389999,71.230003,72.099998,8592300.0,68.50844000000001
2015-07-29,72.25,72.629997,72.089996,72.230003,4939700.0,68.631969
2015-07-30,72.029999,72.529999,71.779999,72.160004,4604500.0,68.56545600000001
2015-07-31,72.440002,72.489998,71.660004,71.980003,7928400.0,68.394423
2015-08-03,71.839996,72.379997,71.839996,72.18,5131800.0,68.584457
2015-08-04,72.41999799999999,72.800003,71.93,72.25,5873400.0,68.65097
2015-08-05,72.389999,73.690002,72.25,73.510002,8715800.0,70.325154
2015-08-06,73.349998,73.379997,72.660004,72.790001,6367700.0,69.636348
2015-08-07,72.709999,72.83000200000001,71.16999799999999,71.25,7797500.0,68.16306800000001
2015-08-10,71.5,71.75,71.339996,71.480003,6020100.0,68.38310600000001
2015-08-11,71.25,72.370003,71.150002,71.93,6829200.0,68.81360699999999
2015-08-12,71.529999,72.660004,71.269997,72.58000200000001,8841400.0,69.435447
2015-08-13,72.400002,72.769997,71.970001,72.110001,7652400.0,68.985809
2015-08-14,72.300003,72.599998,72.040001,72.379997,5912500.0,69.244107
2015-08-17,71.83000200000001,72.230003,71.760002,71.910004,7604400.0,68.794477
2015-08-18,70.0,70.5,69.239998,69.480003,2.1315E7,66.469757
2015-08-19,68.870003,69.389999,67.769997,68.57,1.63016E7,65.599179
2015-08-20,68.08000200000001,69.300003,67.940002,68.43,9860100.0,65.465246
2015-08-21,67.910004,68.309998,66.540001,66.540001,1.57465E7,63.65713100000001
2015-08-24,63.740002000000004,66.160004,61.5,63.950001,2.22396E7,61.17934399999999
2015-08-25,65.449997,65.709999,63.0,63.099998,1.4801E7,60.366168
2015-08-26,64.230003,64.849998,63.02,64.83000200000001,1.39283E7,62.021218000000005
2015-08-27,65.32,66.18,64.949997,66.08000200000001,1.39128E7,63.217062
2015-08-28,66.089996,66.120003,64.449997,64.940002,1.4303E7,62.126453000000005
2015-08-31,64.82,65.0,64.290001,64.730003,8175200.0,61.925552
2015-09-01,63.799999,64.32,63.27,63.82,1.33939E7,61.054975
2015-09-02,64.589996,64.940002,64.059998,64.440002,9514600.0,61.648116
2015-09-03,64.720001,65.010002,64.389999,64.860001,8523800.0,62.049917
2015-09-04,64.07,64.300003,63.509997999999996,63.889998999999996,9232400.0,61.121942000000004
2015-09-08,65.230003,66.5,65.18,66.379997,1.77068E7,63.504059999999996
2015-09-09,66.860001,67.010002,65.010002,65.120003,9464200.0,62.298655000000004
2015-09-10,64.07,64.650002,63.830002,64.120003,1.45248E7,61.34198000000001
2015-09-11,64.18,64.68,63.990002000000004,64.650002,8062400.0,61.849017
2015-09-14,64.650002,64.66999799999999,63.82,64.279999,6956700.0,61.49504399999999
2015-09-15,64.480003,64.699997,64.050003,64.32,6860800.0,61.533312
2015-09-16,64.599998,64.769997,64.050003,64.690002,5625400.0,61.887285
2015-09-17,64.699997,65.290001,64.160004,64.470001,7133100.0,61.676815000000005
2015-09-18,63.75,64.230003,63.259997999999996,63.34,1.28852E7,60.595772
2015-09-21,63.75,64.0,63.369999,63.720001,7119600.0,60.959309
2015-09-22,63.23,63.82,62.919998,63.59,8800800.0,60.83494
2015-09-23,63.720001,63.93,63.119999,63.720001,5876600.0,60.959309
2015-09-24,63.360001000000004,63.98,63.299999,63.830002,6956200.0,61.064544
2015-09-25,64.07,64.459999,63.619999,63.779999,7163000.0,61.016707
2015-09-28,63.599998,63.950001,63.48,63.66,9394400.0,60.901906999999994
2015-09-29,63.75,64.040001,63.23,63.779999,7640100.0,61.016707
2015-09-30,64.43,64.940002,63.93,64.839996,7979200.0,62.03078000000001
2015-10-01,64.760002,64.940002,63.880001,64.269997,7837200.0,61.485476
2015-10-02,63.759997999999996,64.980003,63.41,64.980003,7084000.0,62.16472099999999
2015-10-05,65.209999,65.91999799999999,65.139999,65.870003,6300300.0,63.016161
2015-10-06,65.540001,65.949997,65.18,65.68,7410900.0,62.83439
2015-10-07,65.839996,66.360001,65.769997,66.360001,7136000.0,63.484929
2015-10-08,66.230003,66.989998,66.150002,66.879997,5974500.0,63.982397
2015-10-09,66.940002,67.019997,66.510002,66.690002,6754000.0,63.800633999999995
2015-10-12,66.66999799999999,67.0,66.58000200000001,66.93,5643900.0,64.030234
2015-10-13,66.620003,66.940002,66.260002,66.730003,8858400.0,63.838902000000004
2015-10-14,66.610001,67.949997,60.02,60.029999,8.08981E7,57.429177
2015-10-15,59.700001,60.470001,58.610001000000004,59.330002,4.62535E7,56.759508
2015-10-16,59.470001,59.490002000000004,58.369999,58.889998999999996,2.61951E7,56.33856899999999
2015-10-19,58.790001000000004,59.299999,58.5,58.849998,1.78058E7,56.300301
2015-10-20,58.860001000000004,59.0,58.57,58.75,1.02642E7,56.204634999999996
2015-10-21,58.799999,59.040001000000004,58.57,58.639998999999996,1.31176E7,56.0994
2015-10-22,58.939999,59.959998999999996,58.639998999999996,58.900002,1.45885E7,56.348137
2015-10-23,59.189999,59.279999,58.220001,58.299999,1.30406E7,55.774131000000004
2015-10-26,58.400002,58.450001,57.970001,58.02,1.08398E7,55.506263
2015-10-27,58.009997999999996,58.040001000000004,57.380001,57.48,1.05114E7,54.989658
2015-10-28,57.66,57.720001,57.16,57.639998999999996,1.18347E7,55.142725
2015-10-29,57.720001,58.119999,57.48,57.959998999999996,1.28555E7,55.448861
2015-10-30,57.73,58.119999,57.240002000000004,57.240002000000004,1.58055E7,54.760057999999994
2015-11-02,57.290001000000004,57.610001000000004,56.77,57.610001000000004,1.07192E7,55.114026
2015-11-03,57.57,58.330002,57.529999,58.110001000000004,1.02539E7,55.592364
2015-11-04,58.580002,58.759997999999996,58.189999,58.369999,1.00565E7,55.841097
2015-11-05,58.509997999999996,58.98,58.419998,58.610001000000004,8860500.0,56.070701
2015-11-06,58.919998,59.200001,58.310001,58.779999,9977300.0,56.233334
2015-11-09,58.5,58.779999,58.02,58.490002000000004,8440400.0,55.955901000000004
2015-11-10,58.310001,58.709998999999996,58.310001,58.68,7614900.0,56.137668000000005
2015-11-11,58.5,58.73,57.470001,57.580002,8689900.0,55.085327
2015-11-12,57.639998999999996,57.77,56.919998,56.950001,9551500.0,54.482620999999995
2015-11-13,56.740002000000004,57.060001,56.299999,56.419998,1.25149E7,53.975581000000005
2015-11-16,56.389998999999996,58.029999,56.360001000000004,57.869999,1.33216E7,55.362759999999994
2015-11-17,59.34,60.900002,59.200001,59.919998,2.46793E7,57.323942
2015-11-18,60.040001000000004,61.07,59.549999,60.93,1.48777E7,58.290186
2015-11-19,61.119999,61.360001000000004,60.43,60.700001,1.15661E7,58.070151
2015-11-20,60.98,61.470001,60.02,60.07,1.23711E7,57.467445
2015-11-23,60.290001000000004,60.740002000000004,59.880001,60.259997999999996,1.0577E7,57.649212
2015-11-24,59.950001,60.419998,59.860001000000004,59.919998,1.24539E7,57.323942
2015-11-25,60.0,60.709998999999996,59.880001,60.240002000000004,7820200.0,57.630081999999994
2015-11-27,60.439999,60.689999,59.869999,59.889998999999996,5340900.0,57.295243000000006
2015-11-30,59.869999,60.060001,58.73,58.84,1.49426E7,56.290735999999995
2015-12-01,59.130001,59.290001000000004,58.650002,58.990002000000004,1.22041E7,56.434238
2015-12-02,58.610001000000004,59.290001000000004,58.32,58.349998,1.35869E7,56.289533
2015-12-03,58.689999,59.66,58.599998,59.040001000000004,1.58441E7,56.955169999999995
2015-12-04,59.049999,59.849998,59.029999,59.66,1.04353E7,57.553275
2015-12-07,59.57,60.73,59.57,60.5,1.15959E7,58.363613
2015-12-08,60.07,60.490002000000004,59.5,59.610001000000004,1.03776E7,57.505042
2015-12-09,59.259997999999996,60.110001000000004,58.900002,59.130001,8981700.0,57.04199200000001
2015-12-10,59.130001,60.09,59.09,59.560001,1.13572E7,57.456807999999995
2015-12-11,59.049999,59.529999,58.810001,59.360001000000004,9745000.0,57.26387
2015-12-14,59.299999,60.439999,59.07,60.389998999999996,1.45249E7,58.257497
2015-12-15,60.639998999999996,60.84,59.57,59.639998999999996,1.46154E7,57.533981000000004
2015-12-16,60.110001000000004,60.650002,59.700001,60.299999,9960500.0,58.170675
2015-12-17,60.330002,60.330002,58.970001,58.98,1.29761E7,56.897287
2015-12-18,58.93,59.400002,58.75,58.849998,1.62567E7,56.771877
2015-12-21,58.82,59.580002,58.669998,59.549999,9645500.0,57.447159
2015-12-22,59.790001000000004,60.700001,59.610001000000004,60.540001000000004,9266300.0,58.402202
2015-12-23,61.0,61.119999,60.439999,61.09,7519800.0,58.932779000000004
2015-12-24,60.779999,61.099998,60.68,60.830002,2482800.0,58.681962
2015-12-28,60.580002,60.970001,60.5,60.75,5421700.0,58.604785
2015-12-29,61.0,61.75,60.98,61.610001000000004,7883600.0,59.434417
2015-12-30,61.66,61.869999,61.490002000000004,61.68,5716700.0,59.50194499999999
2015-12-31,61.330002,61.720001,61.169998,61.299999,6555100.0,59.135363
2016-01-04,60.5,61.490002000000004,60.360001000000004,61.459998999999996,1.19892E7,59.289713
2016-01-05,62.029999,63.049999,61.849998,62.919998,1.3326E7,60.698156000000004
2016-01-06,62.48,63.950001,62.470001,63.549999,1.65646E7,61.30591
2016-01-07,62.970001,65.230003,62.919998,65.029999,2.643E7,62.733647999999995
2016-01-08,65.08000200000001,65.410004,63.41,63.540001000000004,1.77679E7,61.296265000000005
2016-01-11,63.759997999999996,64.470001,63.630001,64.220001,1.26538E7,61.952253000000006
2016-01-12,64.379997,64.730003,63.43,63.619999,1.21959E7,61.373438
2016-01-13,63.73,63.73,61.830002,61.919998,1.37257E7,59.733468
2016-01-14,62.0,63.619999,61.82,63.060001,1.29349E7,60.833216
2016-01-15,61.549999,62.470001,61.259997999999996,61.93,1.51029E7,59.743117000000005
2016-01-19,62.25,62.799999,62.009997999999996,62.560001,1.30513E7,60.350871999999995
2016-01-20,61.799999,62.330002,60.200001,60.84,1.73691E7,58.691607
2016-01-21,60.98,62.790001000000004,60.91,61.880001,1.20892E7,59.694883999999995
2016-01-22,62.439999,63.259997999999996,62.130001,62.689999,9197500.0,60.476278
2016-01-25,62.779999,63.82,62.549999,63.450001,1.28234E7,61.20944300000001
2016-01-26,63.360001000000004,64.470001,63.259997999999996,64.0,9441200.0,61.740021
2016-01-27,64.099998,65.18,63.889998999999996,63.950001,1.02143E7,61.691787
2016-01-28,64.029999,64.510002,63.43,64.220001,1.12783E7,61.952253000000006
2016-01-29,64.75,66.529999,64.739998,66.360001,1.64391E7,64.016685
2016-02-01,65.910004,67.93,65.889999,67.5,1.47284E7,65.116428
2016-02-02,67.300003,67.839996,66.279999,66.860001,1.35859E7,64.49902900000001
2016-02-03,67.309998,67.5,65.07,66.269997,1.23156E7,63.92985899999999
2016-02-04,65.760002,66.550003,65.010002,66.41999799999999,1.28334E7,64.074564
2016-02-05,66.860001,67.529999,65.879997,67.0,1.41965E7,64.634084
2016-02-08,66.5,67.150002,65.160004,66.900002,2.07436E7,64.537617
2016-02-09,65.489998,66.410004,64.68,65.809998,1.46424E7,63.486103
2016-02-10,66.190002,66.589996,65.650002,65.790001,9709300.0,63.466813
2016-02-11,65.019997,65.760002,64.779999,65.32,1.11867E7,63.013408
2016-02-12,65.519997,66.25,64.870003,66.18,9695500.0,63.84304100000001
2016-02-16,66.610001,66.800003,65.5,65.900002,1.13605E7,63.572929
2016-02-17,66.099998,66.610001,65.809998,66.110001,1.24267E7,63.775513000000004
2016-02-18,63.740002000000004,64.779999,62.349998,64.120003,2.78946E7,61.855786
2016-02-19,63.889998999999996,64.769997,63.439999,64.660004,1.55623E7,62.376718000000004
2016-02-22,64.660004,66.139999,64.660004,65.629997,1.05873E7,63.312459
2016-02-23,65.839996,66.599998,65.279999,66.480003,1.1432E7,64.13245
2016-02-24,66.190002,67.33000200000001,65.720001,67.120003,1.02912E7,64.749849
2016-02-25,67.449997,68.129997,67.33000200000001,68.040001,9581300.0,65.63736
2016-02-26,68.08000200000001,68.199997,66.300003,66.510002,1.09843E7,64.161389
2016-02-29,66.629997,66.949997,66.220001,66.339996,9345200.0,63.997386999999996
2016-03-01,66.650002,66.889999,66.0,66.459999,1.04295E7,64.113152
2016-03-02,66.209999,66.66999799999999,66.0,66.209999,9165600.0,63.87198000000001
2016-03-03,65.949997,66.199997,64.879997,66.139999,1.18468E7,63.804452000000005
2016-03-04,66.139999,67.279999,66.089996,66.779999,1.00105E7,64.421852
2016-03-07,66.620003,68.480003,66.269997,67.889999,1.28254E7,65.49265600000001
2016-03-08,67.730003,68.470001,67.489998,68.040001,1.00679E7,65.63736
2016-03-09,67.790001,67.989998,67.120003,67.529999,7824800.0,65.627639
2016-03-10,67.550003,68.040001,66.400002,67.410004,1.02258E7,65.511024
2016-03-11,67.769997,67.940002,66.800003,67.16999799999999,8290900.0,65.27778
2016-03-14,67.150002,67.66999799999999,66.959999,67.360001,6712500.0,65.46243
2016-03-15,67.0,68.349998,67.0,68.089996,7566900.0,66.17186099999999
2016-03-16,67.940002,68.339996,67.25,67.989998,8218000.0,66.07468
2016-03-17,67.82,68.91999799999999,67.260002,67.449997,1.18381E7,65.549891
2016-03-18,67.480003,68.029999,66.75,66.949997,2.31531E7,65.063976
2016-03-21,67.029999,68.379997,66.970001,67.970001,9415800.0,66.055246
2016-03-22,68.0,68.68,67.790001,67.870003,7514500.0,65.958065
2016-03-23,68.010002,68.099998,67.440002,67.459999,6110600.0,65.559611
2016-03-24,67.43,68.040001,67.379997,68.0,6304700.0,66.0844
2016-03-28,67.93,68.58000200000001,67.93,68.120003,5603500.0,66.201022
2016-03-29,68.150002,68.209999,67.43,68.029999,6491000.0,66.11355400000001
2016-03-30,68.33000200000001,69.0,68.290001,68.800003,7208500.0,66.861867
2016-03-31,68.75,69.190002,68.470001,68.489998,6283500.0,66.56059499999999
2016-04-01,68.019997,69.199997,68.019997,69.059998,6602400.0,67.114537
2016-04-04,69.0,69.370003,68.91999799999999,69.099998,6823400.0,67.153411
2016-04-05,69.029999,69.25,68.269997,68.639999,5779000.0,66.70636999999999
2016-04-06,68.699997,69.059998,68.519997,69.040001,5362700.0,67.095104
2016-04-07,68.83000200000001,68.93,67.940002,68.220001,6110500.0,66.298204
2016-04-08,68.309998,68.389999,67.860001,68.059998,6516000.0,66.142708
2016-04-11,68.010002,68.370003,67.379997,67.400002,7865400.0,65.501304
2016-04-12,67.57,68.870003,67.449997,68.800003,7734600.0,66.861867
2016-04-13,69.010002,69.41999799999999,68.870003,69.150002,6262700.0,67.202005
2016-04-14,69.150002,69.239998,68.150002,68.800003,6977100.0,66.861867
2016-04-15,68.940002,69.410004,68.940002,69.059998,7584500.0,67.114537
2016-04-18,69.050003,69.900002,68.849998,69.860001,6616100.0,67.892003
2016-04-19,69.790001,70.08000200000001,69.5,69.769997,8199400.0,67.804535
2016-04-20,69.760002,69.989998,69.129997,69.209999,5412500.0,67.260313
2016-04-21,69.470001,69.68,68.239998,68.470001,6617600.0,66.541161
2016-04-22,68.82,68.940002,68.279999,68.720001,6215100.0,66.78411899999999
2016-04-25,68.550003,69.5,68.059998,69.470001,5896200.0,67.512991
2016-04-26,69.699997,69.889999,69.099998,69.300003,6648400.0,67.34778100000001
2016-04-27,69.489998,69.779999,68.989998,69.41999799999999,5147300.0,67.464396
2016-04-28,69.07,69.620003,68.75,68.910004,4776900.0,66.968769
2016-04-29,68.730003,68.82,66.360001,66.870003,1.2099E7,64.986236
2016-05-02,66.620003,67.699997,66.529999,67.589996,7609700.0,65.685947
2016-05-03,66.860001,67.5,66.75,67.0,5906600.0,65.112571
2016-05-04,66.849998,67.489998,66.440002,67.190002,6029500.0,65.297221
2016-05-05,66.970001,67.25,66.58000200000001,67.209999,8091000.0,65.316654
2016-05-06,66.910004,68.260002,66.800003,68.25,9788600.0,66.32735799999999
2016-05-09,68.25,69.099998,68.160004,68.949997,8656200.0,67.007635
2016-05-10,68.91999799999999,69.129997,68.449997,68.790001,6402900.0,66.85214599999999
2016-05-11,67.470001,67.5,65.610001,66.410004,1.45975E7,65.01173
2016-05-12,66.550003,67.050003,66.379997,66.849998,9533500.0,65.442461
2016-05-13,66.480003,66.550003,64.650002,64.940002,1.37447E7,63.572680000000005
2016-05-16,64.860001,66.349998,64.68,66.019997,1.01818E7,64.629935
2016-05-17,66.059998,66.269997,64.879997,65.099998,9252700.0,63.72930699999999
2016-05-18,63.02,63.779999,62.720001,63.150002,2.22559E7,61.820368
2016-05-19,68.099998,69.33000200000001,67.5,69.199997,3.50767E7,67.74298
2016-05-20,69.33000200000001,70.139999,68.849998,69.860001,1.67466E7,68.389087
2016-05-23,69.599998,70.059998,69.440002,69.5,1.00998E7,68.036666
2016-05-24,69.650002,70.41999799999999,69.550003,70.239998,8828000.0,68.761083
2016-05-25,70.25,71.0,70.239998,70.480003,7263900.0,68.99603499999999
2016-05-26,70.690002,71.379997,70.599998,70.849998,8693900.0,69.35824000000001
2016-05-27,70.860001,70.889999,70.489998,70.75,5762800.0,69.260347
2016-05-31,70.58000200000001,71.0,70.480003,70.779999,8390200.0,69.289714
2016-06-01,70.5,70.910004,70.410004,70.5,7220900.0,69.01561099999999
2016-06-02,70.5,71.0,70.150002,70.949997,6508700.0,69.456133
2016-06-03,70.57,71.050003,70.519997,70.870003,6363600.0,69.37782299999999
2016-06-06,71.519997,71.550003,71.0,71.050003,9018000.0,69.554034
2016-06-07,71.099998,71.309998,70.849998,71.029999,7363400.0,69.534451
2016-06-08,70.849998,71.449997,70.800003,71.279999,6139000.0,69.779187
2016-06-09,71.360001,71.589996,70.849998,71.089996,6069900.0,69.59318499999999
2016-06-10,71.0,71.410004,70.68,71.139999,7511400.0,69.642135
2016-06-13,71.0,71.18,70.489998,70.529999,7907600.0,69.044978
2016-06-14,70.660004,71.16999799999999,70.199997,70.949997,9066400.0,69.456133
2016-06-15,71.199997,71.610001,71.0,71.120003,8017000.0,69.62256
2016-06-16,71.0,71.459999,70.800003,71.300003,6705200.0,69.79876999999999
2016-06-17,71.050003,71.309998,70.400002,70.949997,1.80593E7,69.456133
2016-06-20,71.309998,71.779999,71.050003,71.099998,7142500.0,69.602976
2016-06-21,70.949997,71.720001,70.949997,71.459999,6674800.0,69.95539699999999
2016-06-22,71.599998,72.25,71.57,71.75,8457500.0,70.239292
2016-06-23,72.199997,72.239998,71.790001,72.099998,6970200.0,70.581921
2016-06-24,70.550003,72.720001,70.510002,71.959999,1.51204E7,70.44487
2016-06-27,71.639999,71.769997,70.879997,71.5,1.13034E7,69.994556
2016-06-28,71.760002,71.870003,70.66999799999999,71.510002,8561200.0,70.004347
2016-06-29,71.629997,72.489998,71.559998,72.459999,7014700.0,70.934342
2016-06-30,72.57,73.190002,72.32,73.019997,8713600.0,71.482549
2016-07-01,73.129997,73.16999799999999,72.41999799999999,72.809998,7638800.0,71.276971
2016-07-05,72.75,73.620003,72.68,73.139999,1.07486E7,71.600025
2016-07-06,73.260002,73.980003,73.16999799999999,73.82,1.10627E7,72.26570799999999
2016-07-07,73.730003,73.93,73.150002,73.529999,7792800.0,71.981813
2016-07-08,73.82,73.849998,73.239998,73.839996,9127600.0,72.28528299999999
2016-07-11,73.66999799999999,74.349998,73.5,74.059998,9040100.0,72.500652
2016-07-12,73.559998,73.730003,73.0,73.269997,1.23612E7,71.727285
2016-07-13,73.25,73.629997,72.940002,73.620003,6399000.0,72.06992199999999
2016-07-14,73.790001,74.110001,73.610001,73.699997,6646400.0,72.148232
2016-07-15,73.980003,74.010002,73.440002,73.66999799999999,5994800.0,72.118864
2016-07-18,73.639999,74.18,73.529999,73.839996,5457300.0,72.28528299999999
2016-07-19,73.639999,73.959999,73.58000200000001,73.660004,4798100.0,72.10908
2016-07-20,73.879997,74.110001,73.629997,73.790001,5282000.0,72.23634
2016-07-21,73.43,73.660004,73.139999,73.519997,4391900.0,71.972021
2016-07-22,73.760002,73.910004,73.41999799999999,73.550003,4316600.0,72.001396
2016-07-25,73.550003,73.83000200000001,73.410004,73.75,4734000.0,72.197182
2016-07-26,73.709999,74.07,73.410004,73.730003,5248300.0,72.17760600000001
2016-07-27,73.660004,73.82,73.139999,73.32,5777900.0,71.776235
2016-07-28,73.139999,73.32,72.470001,73.239998,4603200.0,71.697918
2016-07-29,73.16999799999999,73.25,72.760002,72.970001,6302200.0,71.43360600000001
2016-08-01,72.809998,73.989998,72.809998,73.779999,5868400.0,72.226549
2016-08-02,73.699997,73.720001,72.629997,73.129997,6513100.0,71.590233
2016-08-03,73.0,73.400002,72.510002,72.940002,6568100.0,71.404239
2016-08-04,72.800003,73.489998,72.589996,73.300003,4944900.0,71.75666
2016-08-05,73.459999,73.949997,73.459999,73.760002,5415400.0,72.206973
2016-08-08,74.0,74.07,73.040001,73.339996,6577200.0,71.795811
2016-08-09,73.360001,73.879997,73.08000200000001,73.540001,6427900.0,71.99160400000001
2016-08-10,73.57,74.510002,73.389999,73.949997,8052300.0,72.888541
2016-08-11,74.5,74.800003,73.529999,73.800003,6290300.0,72.7407
2016-08-12,73.800003,74.120003,73.559998,73.889999,9994200.0,72.82940500000001
2016-08-15,73.809998,74.010002,73.110001,73.32,9636100.0,72.267587
2016-08-16,72.589996,73.309998,72.209999,72.889999,9763300.0,71.84375899999999
2016-08-17,71.989998,72.949997,71.989998,72.93,1.43433E7,71.883186
2016-08-18,72.93,75.190002,72.93,74.300003,2.68583E7,73.233524
2016-08-19,74.099998,74.290001,72.66999799999999,72.809998,1.53464E7,71.764905
2016-08-22,73.059998,73.139999,72.449997,72.699997,1.03121E7,71.65648399999999
2016-08-23,72.889999,73.07,71.959999,71.970001,9391400.0,70.936966
2016-08-24,71.970001,72.75,71.760002,72.230003,1.00507E7,71.193236
2016-08-25,72.370003,72.58000200000001,71.050003,71.220001,1.05142E7,70.197731
2016-08-26,71.410004,71.690002,70.889999,71.139999,1.00385E7,70.11887800000001
2016-08-29,71.139999,71.660004,71.099998,71.400002,7468100.0,70.375148
2016-08-30,71.400002,71.760002,71.150002,71.309998,5774200.0,70.286436
2016-08-31,71.459999,71.639999,71.150002,71.440002,6311600.0,70.414575
2016-09-01,71.57,72.860001,71.410004,72.839996,1.17614E7,71.794473
2016-09-02,72.989998,73.190002,72.41999799999999,72.5,8082900.0,71.459357
2016-09-06,72.760002,73.08000200000001,72.199997,73.0,9570900.0,71.95218
2016-09-07,73.0,73.050003,72.010002,72.059998,9618300.0,71.025671
2016-09-08,71.889999,72.32,71.709999,71.83000200000001,9661200.0,70.798976
2016-09-09,71.32,71.510002,70.300003,70.300003,1.21726E7,69.290938
2016-09-12,70.790001,72.239998,70.720001,71.940002,1.0864E7,70.907398
2016-09-13,71.839996,71.910004,71.150002,71.459999,7507900.0,70.43428399999999
2016-09-14,71.620003,72.059998,71.400002,71.519997,6980500.0,70.493421
2016-09-15,71.480003,72.559998,71.260002,72.400002,7295600.0,71.360794
2016-09-16,72.32,72.959999,72.220001,72.870003,1.39357E7,71.824049
2016-09-19,72.639999,72.870003,72.089996,72.089996,6920700.0,71.055239
2016-09-20,72.150002,72.550003,71.900002,71.970001,5910600.0,70.936966
2016-09-21,72.18,72.540001,71.510002,72.190002,6675900.0,71.153809
2016-09-22,72.43,72.540001,71.989998,72.269997,5871900.0,71.23265500000001
2016-09-23,72.599998,72.769997,72.339996,72.349998,7696400.0,71.311509
2016-09-26,72.309998,72.33000200000001,71.519997,71.620003,5948700.0,70.59199100000001
2016-09-27,71.93,72.489998,71.58000200000001,72.33000200000001,6344400.0,71.291799
2016-09-28,72.220001,72.32,71.379997,71.790001,6184900.0,70.75954899999999
2016-09-29,71.57,71.709999,70.620003,70.730003,7996800.0,69.71476700000001
2016-09-30,71.5,72.459999,71.400002,72.120003,9982600.0,71.084814
2016-10-03,71.83000200000001,72.150002,71.599998,72.010002,5857700.0,70.976393
2016-10-04,72.0,72.57,71.550003,71.75,6569300.0,70.720123
2016-10-05,71.870003,72.269997,71.599998,71.66999799999999,6464400.0,70.641269
2016-10-06,71.66999799999999,71.66999799999999,68.889999,69.360001,2.01103E7,68.364428
2016-10-07,69.260002,69.470001,68.16999799999999,68.699997,1.26538E7,67.713898
2016-10-10,68.75,68.959999,67.75,67.980003,8988400.0,67.004239
2016-10-11,67.949997,67.959999,67.300003,67.389999,8591500.0,66.42270400000001
2016-10-12,67.739998,67.910004,67.370003,67.459999,8940700.0,66.491699
2016-10-13,67.190002,68.540001,67.07,68.230003,9193800.0,67.250651
2016-10-14,68.41999799999999,68.809998,68.209999,68.449997,6416000.0,67.467487
2016-10-17,68.650002,68.650002,67.800003,68.220001,7493400.0,67.240792
2016-10-18,68.57,68.980003,68.230003,68.870003,7857700.0,67.88146400000001
2016-10-19,69.220001,69.339996,68.690002,68.889999,7123300.0,67.901174
2016-10-20,68.980003,69.08000200000001,68.57,68.730003,6294000.0,67.74347399999999
2016-10-21,68.339996,68.629997,67.989998,68.339996,7844600.0,67.359065
2016-10-24,68.620003,69.370003,68.389999,69.190002,7163600.0,68.19686999999999
2016-10-25,69.010002,69.870003,69.0,69.360001,7629700.0,68.364428
2016-10-26,69.300003,69.809998,69.139999,69.589996,5050500.0,68.591123
2016-10-27,69.599998,70.0,69.389999,69.83000200000001,7131600.0,68.827683
2016-10-28,69.800003,70.209999,69.730003,69.989998,6952900.0,68.985383
2016-10-31,70.059998,70.16999799999999,69.849998,70.019997,6389000.0,69.014951
2016-11-01,69.980003,70.059998,69.139999,69.300003,8838600.0,68.30529200000001
2016-11-02,69.199997,69.970001,69.199997,69.449997,7645300.0,68.453133
2016-11-03,69.629997,70.08000200000001,69.349998,69.629997,6803900.0,68.63055
2016-11-04,69.709999,69.940002,69.129997,69.160004,7262100.0,68.167302
2016-11-07,69.620003,69.839996,69.160004,69.779999,9755400.0,68.778398
2016-11-08,69.709999,70.040001,69.470001,69.790001,7621300.0,68.788257
2016-11-09,69.300003,71.5,69.290001,71.099998,1.67795E7,70.079451
2016-11-10,71.25,72.089996,71.0,71.389999,1.43213E7,70.365289
2016-11-11,71.110001,71.279999,70.599998,71.230003,8223900.0,70.20759
2016-11-14,71.160004,71.309998,70.190002,70.489998,1.29175E7,69.478206
2016-11-15,70.790001,71.41999799999999,70.349998,71.41999799999999,9725100.0,70.394857
2016-11-16,71.75,72.059998,71.33000200000001,71.389999,1.11924E7,70.365289
2016-11-17,69.08000200000001,69.519997,68.120003,69.190002,2.34403E7,68.19686999999999
2016-11-18,68.93,69.400002,68.440002,68.540001,1.11353E7,67.55619899999999
2016-11-21,68.540001,69.400002,68.41999799999999,69.370003,8356000.0,68.374287
2016-11-22,69.730003,70.41999799999999,69.730003,70.120003,1.0984E7,69.113522
2016-11-23,70.220001,70.889999,70.18,70.83000200000001,7398900.0,69.81333000000001
2016-11-25,71.110001,71.650002,70.980003,71.230003,4234400.0,70.20759
2016-11-28,70.93,71.519997,70.800003,71.190002,7099200.0,70.168163
2016-11-29,71.379997,71.790001,71.199997,71.370003,7310100.0,70.34558
2016-11-30,70.91999799999999,71.160004,70.16999799999999,70.43,9326100.0,69.41906999999999
2016-12-01,70.25,70.730003,70.050003,70.66999799999999,6849800.0,69.65562299999999
2016-12-02,70.58000200000001,70.949997,70.449997,70.879997,6674200.0,69.862608
2016-12-05,70.900002,70.989998,69.809998,69.940002,1.05279E7,68.936105
2016-12-06,70.010002,70.389999,69.5,70.360001,7778000.0,69.350075
2016-12-07,69.93,70.650002,69.900002,70.599998,6966200.0,70.084672
2016-12-08,70.480003,70.900002,70.32,70.339996,6844200.0,69.82656800000001
2016-12-09,70.269997,70.43,69.739998,70.08000200000001,1.07567E7,69.568471
2016-12-12,70.07,71.779999,70.019997,71.66999799999999,9084100.0,71.146861
2016-12-13,71.66999799999999,72.230003,71.610001,71.800003,8887500.0,71.275917
2016-12-14,71.900002,72.480003,71.18,71.339996,8669400.0,70.81926800000001
2016-12-15,71.220001,71.800003,71.029999,71.08000200000001,7136300.0,70.561172
2016-12-16,71.07,71.639999,70.599998,70.980003,1.78448E7,70.461903
2016-12-19,70.839996,71.75,70.839996,71.58000200000001,5889300.0,71.05752199999999
2016-12-20,71.730003,71.93,71.510002,71.82,6108100.0,71.29576800000001
2016-12-21,71.660004,72.0,71.239998,71.239998,5101000.0,70.72
2016-12-22,71.239998,71.239998,69.209999,69.589996,1.21068E7,69.082042
2016-12-23,69.43,69.75,69.360001,69.540001,4803900.0,69.032411
2016-12-27,69.300003,69.82,69.25,69.699997,4435700.0,69.19124000000001
2016-12-28,69.940002,70.0,69.260002,69.309998,4875700.0,68.804087
2016-12-29,69.209999,69.519997,69.120003,69.260002,4298400.0,68.754456
2016-12-30,69.120003,69.43,68.83000200000001,69.120003,6889500.0,68.61547900000001
